2024-11-15T08:30:57.283373,15min.lt,223.6.6.6,A,"['172.67.215.72', '104.21.24.11']",,
2024-11-15T08:30:57.283373,18comic.org,218.30.118.6,A,['0.0.0.0'],,
2024-11-15T08:30:57.283373,18comic.org,211.136.17.107,A,['66.220.147.11'],,
2024-11-15T08:30:57.283373,1377x.to,2a10:50c0::ad1:ff,AAAA,"['2606:4700:3032::ac43:854b', '2606:4700:3033::6815:ddb']",,
2024-11-15T08:30:57.283373,19216811.uno,208.67.220.220,A,"['104.26.5.91', '172.67.68.121', '104.26.4.91']",,
2024-11-15T08:30:57.283373,1377x.to,2a10:50c0::ad2:ff,AAAA,"['2606:4700:3032::ac43:854b', '2606:4700:3033::6815:ddb']",,
2024-11-15T08:30:57.283373,15min.lt,223.5.5.5,A,"['172.67.215.72', '104.21.24.11']",,
2024-11-15T08:30:57.283373,18comic.org,77.88.8.8,A,['199.59.150.43'],,
2024-11-15T08:30:57.283373,15min.lt,114.114.114.114,A,"['104.21.24.11', '172.67.215.72']",,
2024-11-15T08:30:57.283373,166.com,62.76.62.76,A,['59.111.129.134'],,
2024-11-15T08:30:57.283373,166.com,2620:fe::10,AAAA,[],NoAnswer,No answer for domain: 166.com on server: 2620:fe::10
2024-11-15T08:30:57.283373,1377x.to,2620:119:53::53,AAAA,"['2606:4700:3032::ac43:854b', '2606:4700:3033::6815:ddb']",,
2024-11-15T08:30:57.283373,15min.lt,114.114.115.115,A,"['172.67.215.72', '104.21.24.11']",,
2024-11-15T08:30:57.283373,18comic.vip,8.8.8.8,A,['199.96.62.21'],,
2024-11-15T08:30:57.283373,166.com,2a0c:a9c7:9::1,AAAA,[],NoAnswer,No answer for domain: 166.com on server: 2a0c:a9c7:9::1
2024-11-15T08:30:57.283373,1377x.to,2620:0:ccc::2,AAAA,"['2606:4700:3032::ac43:854b', '2606:4700:3033::6815:ddb']",,
2024-11-15T08:30:57.283373,1984.is,77.88.8.8,A,['93.95.226.16'],,
2024-11-15T08:30:57.283373,166.com,1.0.0.1,A,['59.111.129.134'],,
2024-11-15T08:30:57.283373,166.com,2620:fe::fe,AAAA,[],NoAnswer,No answer for domain: 166.com on server: 2620:fe::fe
2024-11-15T08:30:57.283373,166.com,195.208.4.1,A,['59.111.129.134'],,
2024-11-15T08:30:57.283373,19216811.uno,218.30.118.6,A,"['104.26.4.91', '172.67.68.121', '104.26.5.91']",,
2024-11-15T08:30:57.283373,166.com,77.88.8.8,A,['59.111.129.134'],,
2024-11-15T08:30:57.283373,1377x.to,2620:fe::10,AAAA,"['2606:4700:3033::6815:ddb', '2606:4700:3032::ac43:854b']",,
2024-11-15T08:30:57.283373,15min.lt,94.140.14.14,A,"['172.67.215.72', '104.21.24.11']",,
2024-11-15T08:30:57.283373,166.com,2001:6d0:d6::2001,AAAA,[],NoAnswer,No answer for domain: 166.com on server: 2001:6d0:d6::2001
2024-11-15T08:30:57.283373,19216811.uno,223.5.5.5,A,"['104.26.4.91', '104.26.5.91', '172.67.68.121']",,
2024-11-15T08:30:57.283373,15min.lt,94.140.15.15,A,"['172.67.215.72', '104.21.24.11']",,
2024-11-15T08:30:57.284428,166.com,62.76.76.62,A,['59.111.129.134'],,
2024-11-15T08:30:57.284428,1377x.to,2620:119:35::35,AAAA,"['2606:4700:3032::ac43:854b', '2606:4700:3033::6815:ddb']",,
2024-11-15T08:30:57.284428,166.com,2a0c:a9c7:8::1,AAAA,[],NoAnswer,No answer for domain: 166.com on server: 2a0c:a9c7:8::1
2024-11-15T08:30:57.284428,18comic.org,119.29.29.29,A,['67.228.102.32'],,
2024-11-15T08:30:57.284428,15min.lt,119.29.29.29,A,"['104.21.24.11', '172.67.215.72']",,
2024-11-15T08:30:57.284428,166.com,9.9.9.10,A,['59.111.129.134'],,
2024-11-15T08:30:57.284428,166.com,2a02:6b8:0:1::feed:0ff,AAAA,[],NoAnswer,No answer for domain: 166.com on server: 2a02:6b8:0:1::feed:0ff
2024-11-15T08:30:57.284428,166.com,208.67.222.222,A,['59.111.129.134'],,
2024-11-15T08:30:57.284428,1377x.to,2a0c:a9c7:9::1,AAAA,"['2606:4700:3033::6815:ddb', '2606:4700:3032::ac43:854b']",,
2024-11-15T08:30:57.284428,18comic.org,180.76.76.76,A,['69.197.153.180'],,
2024-11-15T08:30:57.284428,15min.lt,117.50.11.11,A,"['104.21.24.11', '172.67.215.72']",,
2024-11-15T08:30:57.284428,19216811.uno,114.114.115.115,A,"['104.26.4.91', '172.67.68.121', '104.26.5.91']",,
2024-11-15T08:30:57.284428,166.com,2001:6d0:6d0::2001,AAAA,[],NoAnswer,No answer for domain: 166.com on server: 2001:6d0:6d0::2001
2024-11-15T08:30:57.284428,15min.lt,211.136.17.107,A,"['104.21.24.11', '172.67.215.72']",,
2024-11-15T08:30:57.284428,166.com,195.208.5.1,A,['59.111.129.134'],,
2024-11-15T08:30:57.284428,18comic.org,94.140.14.14,A,['199.59.149.232'],,
2024-11-15T08:30:57.284428,1377x.to,2620:fe::fe,AAAA,"['2606:4700:3032::ac43:854b', '2606:4700:3033::6815:ddb']",,
2024-11-15T08:30:57.284428,166.com,2a03:90c0:9992::1,AAAA,[],NoAnswer,No answer for domain: 166.com on server: 2a03:90c0:9992::1
2024-11-15T08:30:57.284428,19216811.uno,119.29.29.29,A,"['172.67.68.121', '104.26.5.91', '104.26.4.91']",,
2024-11-15T08:30:57.284428,1377x.to,2001:6d0:d6::2001,AAAA,"['2606:4700:3033::6815:ddb', '2606:4700:3032::ac43:854b']",,
2024-11-15T08:30:57.284428,18comic.org,94.140.15.15,A,['69.171.234.48'],,
2024-11-15T08:30:57.284428,166.com,2a02:6b8::feed:0ff,AAAA,[],NoAnswer,No answer for domain: 166.com on server: 2a02:6b8::feed:0ff
2024-11-15T08:30:57.284428,166.com,2.56.220.2,A,['59.111.129.134'],,
2024-11-15T08:30:57.284428,1377x.to,2a0c:a9c7:8::1,AAAA,"['2606:4700:3032::ac43:854b', '2606:4700:3033::6815:ddb']",,
2024-11-15T08:30:57.284428,19216811.uno,180.76.76.76,A,"['172.67.68.121', '104.26.4.91', '104.26.5.91']",,
2024-11-15T08:30:57.284428,18comic.org,123.125.81.6,A,['0.0.0.0'],,
2024-11-15T08:30:57.284428,19216811.uno,223.6.6.6,A,"['172.67.68.121', '104.26.4.91', '104.26.5.91']",,
2024-11-15T08:30:57.284428,166.com,77.88.8.1,A,['59.111.129.134'],,
2024-11-15T08:30:57.284428,1377x.to,2001:6d0:6d0::2001,AAAA,"['2606:4700:3033::6815:ddb', '2606:4700:3032::ac43:854b']",,
2024-11-15T08:30:57.284428,166.com,2001:4860:4860::8888,AAAA,[],NoAnswer,No answer for domain: 166.com on server: 2001:4860:4860::8888
2024-11-15T08:30:57.284428,18comic.org,101.226.4.6,A,['0.0.0.0'],,
2024-11-15T08:30:57.284428,1377x.to,2620:0:ccd::2,AAAA,"['2606:4700:3033::6815:ddb', '2606:4700:3032::ac43:854b']",,
2024-11-15T08:30:57.284428,166.com,8.8.4.4,A,['59.111.129.134'],,
2024-11-15T08:30:57.284428,166.com,2606:4700:4700::1001,AAAA,[],NoAnswer,No answer for domain: 166.com on server: 2606:4700:4700::1001
2024-11-15T08:30:57.285428,166.com,1.1.1.1,A,['59.111.129.134'],,
2024-11-15T08:30:57.285428,18comic.org,223.6.6.6,A,['199.59.148.97'],,
2024-11-15T08:30:57.285428,19216811.uno,94.140.15.15,A,"['104.26.5.91', '104.26.4.91', '172.67.68.121']",,
2024-11-15T08:30:57.285428,1377x.to,2001:4860:4860::8888,AAAA,"['2606:4700:3032::ac43:854b', '2606:4700:3033::6815:ddb']",,
2024-11-15T08:30:57.285428,166.com,2a03:90c0:999d::1,AAAA,[],NoAnswer,No answer for domain: 166.com on server: 2a03:90c0:999d::1
2024-11-15T08:30:57.285428,15min.lt,218.30.118.6,A,"['172.67.215.72', '104.21.24.11']",,
2024-11-15T08:30:57.285428,18comic.org,123.125.81.7,A,[],Timeout,Timeout occurred for domain: 18comic.org on server: 123.125.81.7
2024-11-15T08:30:57.285428,18comic.org,117.50.11.11,A,['69.30.25.21'],,
2024-11-15T08:30:57.285428,19216811.uno,114.114.114.114,A,"['172.67.68.121', '104.26.5.91', '104.26.4.91']",,
2024-11-15T08:30:57.285428,1377x.to,2001:4860:4860::8844,AAAA,"['2606:4700:3032::ac43:854b', '2606:4700:3033::6815:ddb']",,
2024-11-15T08:30:57.285428,18comic.org,101.226.4.7,A,[],Timeout,Timeout occurred for domain: 18comic.org on server: 101.226.4.7
2024-11-15T08:30:57.285428,166.com,2001:4860:4860::8844,AAAA,[],NoAnswer,No answer for domain: 166.com on server: 2001:4860:4860::8844
2024-11-15T08:30:57.285428,166.com,218.30.118.6,A,['59.111.129.134'],,
2024-11-15T08:30:57.285428,18comic.org,223.5.5.5,A,['108.160.172.232'],,
2024-11-15T08:30:57.285428,19216811.uno,202.96.128.86,A,[],Timeout,Timeout occurred for domain: 19216811.uno on server: 202.96.128.86
2024-11-15T08:30:57.285428,15min.lt,2606:4700:4700::1111,AAAA,"['2606:4700:3033::6815:180b', '2606:4700:3037::ac43:d748']",,
2024-11-15T08:30:57.285428,19216811.uno,210.21.196.6,A,[],Timeout,Timeout occurred for domain: 19216811.uno on server: 210.21.196.6
2024-11-15T08:30:57.285428,166.com,2606:4700:4700::1111,AAAA,[],NoAnswer,No answer for domain: 166.com on server: 2606:4700:4700::1111
2024-11-15T08:30:57.285428,166.com,9.9.9.9,A,[],Timeout,Timeout occurred for domain: 166.com on server: 9.9.9.9
2024-11-15T08:30:57.285428,1377x.to,2.56.220.2,A,"['104.21.13.219', '172.67.133.75']",,
2024-11-15T08:30:57.285428,163jiasu.com,2400:3200:baba::1,AAAA,[],NoAnswer,No answer for domain: 163jiasu.com on server: 2400:3200:baba::1
2024-11-15T08:30:57.286375,15min.lt,2001:4860:4860::8844,AAAA,"['2606:4700:3037::ac43:d748', '2606:4700:3033::6815:180b']",,
2024-11-15T08:30:57.286375,18comic.org,208.67.222.220,A,['31.13.87.19'],,
2024-11-15T08:30:57.286375,15min.lt,195.208.5.1,A,"['104.21.24.11', '172.67.215.72']",,
2024-11-15T08:30:57.286375,163jiasu.com,2402:4e00::,AAAA,[],NoAnswer,No answer for domain: 163jiasu.com on server: 2402:4e00::
2024-11-15T08:30:57.286375,1984.is,2.56.220.2,A,['93.95.226.16'],,
2024-11-15T08:30:57.286375,166.com,180.76.76.76,A,['59.111.129.134'],,
2024-11-15T08:30:57.286375,18comic.org,208.67.220.222,A,['31.13.95.169'],,
2024-11-15T08:30:57.286375,15min.lt,180.76.76.76,A,"['104.21.24.11', '172.67.215.72']",,
2024-11-15T08:30:57.286375,1377x.to,2400:3200::1,AAAA,"['2606:4700:3033::6815:ddb', '2606:4700:3032::ac43:854b']",,
2024-11-15T08:30:57.286375,163jiasu.com,2400:da00::6666,AAAA,[],Timeout,Timeout occurred for domain: 163jiasu.com on server: 2400:da00::6666
2024-11-15T08:30:57.286375,1377x.to,1.1.1.1,A,"['104.21.13.219', '172.67.133.75']",,
2024-11-15T08:30:57.286375,15min.lt,208.67.222.220,A,"['104.21.24.11', '172.67.215.72']",,
2024-11-15T08:30:57.286375,1984.is,95.85.95.85,A,['93.95.226.16'],,
2024-11-15T08:30:57.286375,1688.com,2001:4860:4860::8844,AAAA,[],NoAnswer,No answer for domain: 1688.com on server: 2001:4860:4860::8844
2024-11-15T08:30:57.286375,1984.is,1.0.0.1,A,['93.95.226.16'],,
2024-11-15T08:30:57.286375,1377x.to,2a02:6b8::feed:0ff,AAAA,"['2606:4700:3033::6815:ddb', '2606:4700:3032::ac43:854b']",,
2024-11-15T08:30:57.286375,15min.lt,210.21.196.6,A,[],Timeout,Timeout occurred for domain: 15min.lt on server: 210.21.196.6
2024-11-15T08:30:57.286375,19216811.uno,211.136.17.107,A,"['172.67.68.121', '104.26.5.91', '104.26.4.91']",,
2024-11-15T08:30:57.286375,1688.com,2606:4700:4700::1111,AAAA,[],NoAnswer,No answer for domain: 1688.com on server: 2606:4700:4700::1111
2024-11-15T08:30:57.286375,166.com,223.6.6.6,A,['59.111.129.134'],,
2024-11-15T08:30:57.286375,1377x.to,95.85.95.85,A,"['172.67.133.75', '104.21.13.219']",,
2024-11-15T08:30:57.286375,15min.lt,208.67.220.222,A,"['104.21.24.11', '172.67.215.72']",,
2024-11-15T08:30:57.286375,1377x.to,2a02:6b8:0:1::feed:0ff,AAAA,"['2606:4700:3033::6815:ddb', '2606:4700:3032::ac43:854b']",,
2024-11-15T08:30:57.286375,1377x.to,8.8.8.8,A,"['172.67.133.75', '104.21.13.219']",,
2024-11-15T08:30:57.286375,166.com,2a10:50c0::ad1:ff,AAAA,[],NoAnswer,No answer for domain: 166.com on server: 2a10:50c0::ad1:ff
2024-11-15T08:30:57.286375,166.com,119.29.29.29,A,['59.111.129.134'],,
2024-11-15T08:30:57.286375,15min.lt,9.9.9.10,A,"['188.114.97.3', '188.114.96.3']",,
2024-11-15T08:30:57.286375,1984.is,8.8.4.4,A,['93.95.226.16'],,
2024-11-15T08:30:57.286375,1377x.to,2a03:90c0:999d::1,AAAA,"['2606:4700:3032::ac43:854b', '2606:4700:3033::6815:ddb']",,
2024-11-15T08:30:57.286375,1688.com,2001:4860:4860::8888,AAAA,[],NoAnswer,No answer for domain: 1688.com on server: 2001:4860:4860::8888
2024-11-15T08:30:57.286375,1377x.to,8.8.4.4,A,"['172.67.133.75', '104.21.13.219']",,
2024-11-15T08:30:57.286375,15min.lt,208.67.220.220,A,"['104.21.24.11', '172.67.215.72']",,
2024-11-15T08:30:57.286375,166.com,94.140.15.15,A,['59.111.129.134'],,
2024-11-15T08:30:57.286375,18comic.org,195.208.5.1,A,['69.63.186.30'],,
2024-11-15T08:30:57.286375,166.com,202.96.128.86,A,[],Timeout,Timeout occurred for domain: 166.com on server: 202.96.128.86
2024-11-15T08:30:57.286375,1984.is,1.1.1.1,A,['93.95.226.16'],,
2024-11-15T08:30:57.286375,166.com,2620:0:ccc::2,AAAA,[],NoAnswer,No answer for domain: 166.com on server: 2620:0:ccc::2
2024-11-15T08:30:57.286375,1377x.to,1.0.0.1,A,"['104.21.13.219', '172.67.133.75']",,
2024-11-15T08:30:57.286375,15min.lt,202.96.128.86,A,[],Timeout,Timeout occurred for domain: 15min.lt on server: 202.96.128.86
2024-11-15T08:30:57.286375,166.com,114.114.114.114,A,['59.111.129.134'],,
2024-11-15T08:30:57.286375,18comic.org,114.114.114.114,A,['104.244.46.246'],,
2024-11-15T08:30:57.286375,19216811.uno,101.226.4.7,A,[],Timeout,Timeout occurred for domain: 19216811.uno on server: 101.226.4.7
2024-11-15T08:30:57.286375,1377x.to,2606:4700:4700::1111,AAAA,"['2606:4700:3032::ac43:854b', '2606:4700:3033::6815:ddb']",,
2024-11-15T08:30:57.286375,1377x.to,2a03:90c0:9992::1,AAAA,"['2606:4700:3032::ac43:854b', '2606:4700:3033::6815:ddb']",,
2024-11-15T08:30:57.286375,166.com,2620:0:ccd::2,AAAA,[],NoAnswer,No answer for domain: 166.com on server: 2620:0:ccd::2
2024-11-15T08:30:57.286375,15min.lt,208.67.222.222,A,"['172.67.215.72', '104.21.24.11']",,
2024-11-15T08:30:57.286375,1377x.to,77.88.8.8,A,"['104.21.13.219', '172.67.133.75']",,
2024-11-15T08:30:57.286375,166.com,208.67.220.222,A,['59.111.129.134'],,
2024-11-15T08:30:57.286375,18comic.org,114.114.115.115,A,['108.160.169.46'],,
2024-11-15T08:30:57.286375,1984.is,8.8.8.8,A,['93.95.226.16'],,
2024-11-15T08:30:57.286375,1377x.to,2606:4700:4700::1001,AAAA,"['2606:4700:3032::ac43:854b', '2606:4700:3033::6815:ddb']",,
2024-11-15T08:30:57.286375,1377x.to,77.88.8.1,A,"['104.21.13.219', '172.67.133.75']",,
2024-11-15T08:30:57.286375,166.com,210.21.196.6,A,[],Timeout,Timeout occurred for domain: 166.com on server: 210.21.196.6
2024-11-15T08:30:57.286375,15min.lt,95.85.95.85,A,"['172.67.215.72', '104.21.24.11']",,
2024-11-15T08:30:57.286375,18comic.org,208.67.222.222,A,['52.175.9.80'],,
2024-11-15T08:30:57.286375,18comic.org,202.96.128.86,A,[],Timeout,Timeout occurred for domain: 18comic.org on server: 202.96.128.86
2024-11-15T08:30:57.286375,166.com,2620:119:53::53,AAAA,[],NoAnswer,No answer for domain: 166.com on server: 2620:119:53::53
2024-11-15T08:30:57.286375,19216811.uno,123.125.81.6,A,"['104.26.4.91', '104.26.5.91', '172.67.68.121']",,
2024-11-15T08:30:57.287389,15min.lt,2.56.220.2,A,"['172.67.215.72', '104.21.24.11']",,
2024-11-15T08:30:57.287389,18comic.org,210.21.196.6,A,[],Timeout,Timeout occurred for domain: 18comic.org on server: 210.21.196.6
2024-11-15T08:30:57.287389,18comic.org,208.67.220.220,A,['199.59.150.13'],,
2024-11-15T08:30:57.287389,166.com,208.67.222.220,A,['59.111.129.134'],,
2024-11-15T08:30:57.287389,19216811.uno,101.226.4.6,A,"['104.26.4.91', '104.26.5.91', '172.67.68.121']",,
2024-11-15T08:30:57.287389,166.com,2400:3200:baba::1,AAAA,[],NoAnswer,No answer for domain: 166.com on server: 2400:3200:baba::1
2024-11-15T08:30:57.287389,18comic.org,9.9.9.9,A,[],Timeout,Timeout occurred for domain: 18comic.org on server: 9.9.9.9
2024-11-15T08:30:57.287389,1377x.to,62.76.76.62,A,"['104.21.13.219', '172.67.133.75']",,
2024-11-15T08:30:57.287389,15min.lt,62.76.62.76,A,"['188.114.96.3', '188.114.97.3']",,
2024-11-15T08:30:57.287389,18comic.org,62.76.62.76,A,['128.242.240.149'],,
2024-11-15T08:30:57.287389,166.com,94.140.14.14,A,['59.111.129.134'],,
2024-11-15T08:30:57.287389,15min.lt,2001:4860:4860::8888,AAAA,"['2606:4700:3033::6815:180b', '2606:4700:3037::ac43:d748']",,
2024-11-15T08:30:57.287389,166.com,2402:4e00::,AAAA,[],NoAnswer,No answer for domain: 166.com on server: 2402:4e00::
2024-11-15T08:30:57.287389,19216811.uno,117.50.11.11,A,"['172.67.68.121', '104.26.5.91', '104.26.4.91']",,
2024-11-15T08:30:57.287389,1377x.to,208.67.220.222,A,"['104.21.13.219', '172.67.133.75']",,
2024-11-15T08:30:57.287389,166.com,223.5.5.5,A,['59.111.129.134'],,
2024-11-15T08:30:57.287389,18comic.org,195.208.4.1,A,['199.59.150.49'],,
2024-11-15T08:30:57.287389,15min.lt,195.208.4.1,A,"['172.67.215.72', '104.21.24.11']",,
2024-11-15T08:30:57.287389,166.com,2a10:50c0::ad2:ff,AAAA,[],NoAnswer,No answer for domain: 166.com on server: 2a10:50c0::ad2:ff
2024-11-15T08:30:57.287389,15min.lt,9.9.9.9,A,[],Timeout,Timeout occurred for domain: 15min.lt on server: 9.9.9.9
2024-11-15T08:30:57.287389,1377x.to,62.76.62.76,A,"['172.67.133.75', '104.21.13.219']",,
2024-11-15T08:30:57.287389,15min.lt,77.88.8.8,A,"['104.21.24.11', '172.67.215.72']",,
2024-11-15T08:30:57.287389,18comic.org,77.88.8.1,A,['128.121.243.235'],,
2024-11-15T08:30:57.287389,166.com,208.67.220.220,A,['59.111.129.134'],,
2024-11-15T08:30:57.287389,19216811.uno,208.67.220.222,A,"['104.26.5.91', '172.67.68.121', '104.26.4.91']",,
2024-11-15T08:30:57.287389,166.com,2400:3200::1,AAAA,[],NoAnswer,No answer for domain: 166.com on server: 2400:3200::1
2024-11-15T08:30:57.287389,1377x.to,2402:4e00::,AAAA,"['2606:4700:3032::ac43:854b', '2606:4700:3033::6815:ddb']",,
2024-11-15T08:30:57.287389,1377x.to,195.208.4.1,A,"['172.67.133.75', '104.21.13.219']",,
2024-11-15T08:30:57.287389,15min.lt,62.76.76.62,A,"['172.67.215.72', '104.21.24.11']",,
2024-11-15T08:30:57.287389,18comic.org,62.76.76.62,A,['108.160.169.37'],,
2024-11-15T08:30:57.287389,19216811.uno,94.140.14.14,A,"['104.26.5.91', '104.26.4.91', '172.67.68.121']",,
2024-11-15T08:30:57.287389,166.com,2620:119:35::35,AAAA,[],NoAnswer,No answer for domain: 166.com on server: 2620:119:35::35
2024-11-15T08:30:57.287389,166.com,95.85.95.85,A,['59.111.129.134'],,
2024-11-15T08:30:57.287389,1377x.to,195.208.5.1,A,"['172.67.133.75', '104.21.13.219']",,
2024-11-15T08:30:57.287389,166.com,114.114.115.115,A,['59.111.129.134'],,
2024-11-15T08:30:57.287389,18comic.org,9.9.9.10,A,['31.13.67.33'],,
2024-11-15T08:30:57.287389,19216811.uno,208.67.222.220,A,"['104.26.5.91', '172.67.68.121', '104.26.4.91']",,
2024-11-15T08:30:57.287389,1377x.to,2400:3200:baba::1,AAAA,"['2606:4700:3033::6815:ddb', '2606:4700:3032::ac43:854b']",,
2024-11-15T08:30:57.287389,16clouds.com,208.67.222.222,A,['127.0.0.1'],,
2024-11-15T08:30:57.287389,17track.net,208.67.222.222,A,['1.14.243.156'],,
2024-11-15T08:30:57.287389,15min.lt,77.88.8.1,A,"['104.21.24.11', '172.67.215.72']",,
2024-11-15T08:30:57.287389,17track.net,2606:4700:4700::1111,AAAA,[],NoAnswer,No answer for domain: 17track.net on server: 2606:4700:4700::1111
2024-11-15T08:30:57.287389,163jiasu.com,2a03:90c0:9992::1,AAAA,[],NoAnswer,No answer for domain: 163jiasu.com on server: 2a03:90c0:9992::1
2024-11-15T08:30:57.287389,189.cn,2001:4860:4860::8844,AAAA,[],NoAnswer,No answer for domain: 189.cn on server: 2001:4860:4860::8844
2024-11-15T08:30:57.287389,19216811.uno,2620:fe::fe,AAAA,"['2606:4700:20::ac43:4479', '2606:4700:20::681a:45b', '2606:4700:20::681a:55b']",,
2024-11-15T08:30:57.287389,163jiasu.com,2400:3200::1,AAAA,[],NoAnswer,No answer for domain: 163jiasu.com on server: 2400:3200::1
2024-11-15T08:30:57.287389,16personalities.com,2.56.220.2,A,"['172.66.41.42', '172.66.42.214']",,
2024-11-15T08:30:57.287389,17track.net,2606:4700:4700::1001,AAAA,[],NoAnswer,No answer for domain: 17track.net on server: 2606:4700:4700::1001
2024-11-15T08:30:57.287389,189.cn,2a10:50c0::ad2:ff,AAAA,[],NoAnswer,No answer for domain: 189.cn on server: 2a10:50c0::ad2:ff
2024-11-15T08:30:57.287389,19216811.uno,2a0c:a9c7:9::1,AAAA,"['2a06:98c1:3123:e000::', '2a06:98c1:3122:e000::']",,
2024-11-15T08:30:57.287389,19216811.uno,2620:fe::10,AAAA,"['2606:4700:20::681a:55b', '2606:4700:20::681a:45b', '2606:4700:20::ac43:4479']",,
2024-11-15T08:30:57.287389,16personalities.com,77.88.8.8,A,"['188.114.98.229', '188.114.99.229']",,
2024-11-15T08:30:57.287389,163jiasu.com,2a10:50c0::ad1:ff,AAAA,[],NoAnswer,No answer for domain: 163jiasu.com on server: 2a10:50c0::ad1:ff
2024-11-15T08:30:57.287389,16personalities.com,2402:4e00::,AAAA,"['2606:4700:3108::ac42:2ad6', '2606:4700:3108::ac42:292a']",,
2024-11-15T08:30:57.287389,17track.net,95.85.95.85,A,['1.14.243.156'],,
2024-11-15T08:30:57.287389,189.cn,2400:3200:baba::1,AAAA,[],NoAnswer,No answer for domain: 189.cn on server: 2400:3200:baba::1
2024-11-15T08:30:57.287389,1984.is,2620:0:ccc::2,AAAA,[],NoAnswer,No answer for domain: 1984.is on server: 2620:0:ccc::2
2024-11-15T08:30:57.287389,19216811.uno,2a02:6b8::feed:0ff,AAAA,"['2a06:98c1:3123:e000::5', '2a06:98c1:3122:e000::5']",,
2024-11-15T08:30:57.287389,16personalities.com,1.0.0.1,A,"['172.66.41.42', '172.66.42.214']",,
2024-11-15T08:30:57.287389,17track.net,2620:0:ccc::2,AAAA,[],NoAnswer,No answer for domain: 17track.net on server: 2620:0:ccc::2
2024-11-15T08:30:57.287389,163jiasu.com,2a10:50c0::ad2:ff,AAAA,[],NoAnswer,No answer for domain: 163jiasu.com on server: 2a10:50c0::ad2:ff
2024-11-15T08:30:57.287389,19216811.uno,2001:6d0:d6::2001,AAAA,"['2a06:98c1:3122:e000::', '2a06:98c1:3123:e000::']",,
2024-11-15T08:30:57.287389,1984.is,2620:0:ccd::2,AAAA,[],NoAnswer,No answer for domain: 1984.is on server: 2620:0:ccd::2
2024-11-15T08:30:57.287389,189.cn,2001:6d0:6d0::2001,AAAA,[],NoAnswer,No answer for domain: 189.cn on server: 2001:6d0:6d0::2001
2024-11-15T08:30:57.287389,16personalities.com,95.85.95.85,A,"['172.66.41.42', '172.66.42.214']",,
2024-11-15T08:30:57.287389,163jiasu.com,2620:0:ccc::2,AAAA,[],NoAnswer,No answer for domain: 163jiasu.com on server: 2620:0:ccc::2
2024-11-15T08:30:57.287389,17track.net,2620:fe::fe,AAAA,[],NoAnswer,No answer for domain: 17track.net on server: 2620:fe::fe
2024-11-15T08:30:57.287389,17track.net,2.56.220.2,A,['1.14.243.156'],,
2024-11-15T08:30:57.287389,19216811.uno,2a0c:a9c7:8::1,AAAA,"['2a06:98c1:3122:e000::', '2a06:98c1:3123:e000::']",,
2024-11-15T08:30:57.287389,1984.is,2620:119:35::35,AAAA,[],NoAnswer,No answer for domain: 1984.is on server: 2620:119:35::35
2024-11-15T08:30:57.287389,189.cn,2001:6d0:d6::2001,AAAA,[],NoAnswer,No answer for domain: 189.cn on server: 2001:6d0:d6::2001
2024-11-15T08:30:57.287389,16personalities.com,1.1.1.1,A,"['172.66.41.42', '172.66.42.214']",,
2024-11-15T08:30:57.287389,163jiasu.com,2620:0:ccd::2,AAAA,[],NoAnswer,No answer for domain: 163jiasu.com on server: 2620:0:ccd::2
2024-11-15T08:30:57.287389,17track.net,2620:fe::10,AAAA,[],NoAnswer,No answer for domain: 17track.net on server: 2620:fe::10
2024-11-15T08:30:57.287389,17track.net,77.88.8.8,A,['43.132.140.121'],,
2024-11-15T08:30:57.287389,1984.is,2620:119:53::53,AAAA,[],NoAnswer,No answer for domain: 1984.is on server: 2620:119:53::53
2024-11-15T08:30:57.287389,189.cn,2a02:6b8:0:1::feed:0ff,AAAA,[],NoAnswer,No answer for domain: 189.cn on server: 2a02:6b8:0:1::feed:0ff
2024-11-15T08:30:57.287389,16personalities.com,2620:0:ccc::2,AAAA,"['2606:4700:3108::ac42:292a', '2606:4700:3108::ac42:2ad6']",,
2024-11-15T08:30:57.287389,16personalities.com,123.125.81.6,A,"['172.66.42.214', '172.66.41.42']",,
2024-11-15T08:30:57.287389,18comic.vip,2a0c:a9c7:8::1,AAAA,['2001::453f:b4ad'],,
2024-11-15T08:30:57.287389,1984.is,2a0c:a9c7:9::1,AAAA,[],NoAnswer,No answer for domain: 1984.is on server: 2a0c:a9c7:9::1
2024-11-15T08:30:57.287389,189.cn,2a10:50c0::ad1:ff,AAAA,[],NoAnswer,No answer for domain: 189.cn on server: 2a10:50c0::ad1:ff
2024-11-15T08:30:57.287389,163jiasu.com,2620:119:53::53,AAAA,[],NoAnswer,No answer for domain: 163jiasu.com on server: 2620:119:53::53
2024-11-15T08:30:57.287389,16personalities.com,2620:0:ccd::2,AAAA,"['2606:4700:3108::ac42:2ad6', '2606:4700:3108::ac42:292a']",,
2024-11-15T08:30:57.287389,189.cn,2a02:6b8::feed:0ff,AAAA,[],NoAnswer,No answer for domain: 189.cn on server: 2a02:6b8::feed:0ff
2024-11-15T08:30:57.287389,19216811.uno,123.125.81.7,A,[],Timeout,Timeout occurred for domain: 19216811.uno on server: 123.125.81.7
2024-11-15T08:30:57.287389,1984.is,2620:fe::10,AAAA,[],NoAnswer,No answer for domain: 1984.is on server: 2620:fe::10
2024-11-15T08:30:57.287389,16personalities.com,8.8.4.4,A,"['172.66.42.214', '172.66.41.42']",,
2024-11-15T08:30:57.287389,166.com,2400:da00::6666,AAAA,[],Timeout,Timeout occurred for domain: 166.com on server: 2400:da00::6666
2024-11-15T08:30:57.287389,163img.com,2400:3200:baba::1,AAAA,[],NoAnswer,No answer for domain: 163img.com on server: 2400:3200:baba::1
2024-11-15T08:30:57.287389,17track.net,2001:4860:4860::8888,AAAA,[],NoAnswer,No answer for domain: 17track.net on server: 2001:4860:4860::8888
2024-11-15T08:30:57.287389,189.cn,2620:0:ccd::2,AAAA,[],NoAnswer,No answer for domain: 189.cn on server: 2620:0:ccd::2
2024-11-15T08:30:57.287389,19216811.uno,2001:6d0:6d0::2001,AAAA,"['2a06:98c1:3123:e000::b', '2a06:98c1:3122:e000::b']",,
2024-11-15T08:30:57.287389,1984.is,123.125.81.7,A,[],Timeout,Timeout occurred for domain: 1984.is on server: 123.125.81.7
2024-11-15T08:30:57.287389,16personalities.com,8.8.8.8,A,"['172.66.42.214', '172.66.41.42']",,
2024-11-15T08:30:57.287389,1377x.to,9.9.9.9,A,[],Timeout,Timeout occurred for domain: 1377x.to on server: 9.9.9.9
2024-11-15T08:30:57.287389,163img.com,2402:4e00::,AAAA,[],NoAnswer,No answer for domain: 163img.com on server: 2402:4e00::
2024-11-15T08:30:57.287389,1984.is,2a0c:a9c7:8::1,AAAA,[],NoAnswer,No answer for domain: 1984.is on server: 2a0c:a9c7:8::1
2024-11-15T08:30:57.287389,18comic.vip,2402:4e00::,AAAA,['2001::6ca0:a509'],,
2024-11-15T08:30:57.287389,17track.net,2001:4860:4860::8844,AAAA,[],NoAnswer,No answer for domain: 17track.net on server: 2001:4860:4860::8844
2024-11-15T08:30:57.287389,1984.is,2620:fe::fe,AAAA,[],NoAnswer,No answer for domain: 1984.is on server: 2620:fe::fe
2024-11-15T08:30:57.287389,16personalities.com,117.50.11.11,A,"['172.66.42.214', '172.66.41.42']",,
2024-11-15T08:30:57.287389,189.cn,2620:0:ccc::2,AAAA,[],NoAnswer,No answer for domain: 189.cn on server: 2620:0:ccc::2
2024-11-15T08:30:57.287389,18comic.vip,2a0c:a9c7:9::1,AAAA,['2001::1f0d:581a'],,
2024-11-15T08:30:57.287389,163img.com,2a10:50c0::ad2:ff,AAAA,[],NoAnswer,No answer for domain: 163img.com on server: 2a10:50c0::ad2:ff
2024-11-15T08:30:57.287389,17track.net,2a03:90c0:9992::1,AAAA,[],NoAnswer,No answer for domain: 17track.net on server: 2a03:90c0:9992::1
2024-11-15T08:30:57.287389,163img.com,2400:3200::1,AAAA,[],NoAnswer,No answer for domain: 163img.com on server: 2400:3200::1
2024-11-15T08:30:57.287389,16clouds.com,101.226.4.6,A,['127.0.0.1'],,
2024-11-15T08:30:57.287389,1984.is,101.226.4.7,A,[],Timeout,Timeout occurred for domain: 1984.is on server: 101.226.4.7
2024-11-15T08:30:57.287389,19216811.uno,2001:4860:4860::8844,AAAA,"['2606:4700:20::ac43:4479', '2606:4700:20::681a:45b', '2606:4700:20::681a:55b']",,
2024-11-15T08:30:57.287389,1984.is,2001:6d0:6d0::2001,AAAA,[],NoAnswer,No answer for domain: 1984.is on server: 2001:6d0:6d0::2001
2024-11-15T08:30:57.287389,17track.net,2a02:6b8::feed:0ff,AAAA,[],NoAnswer,No answer for domain: 17track.net on server: 2a02:6b8::feed:0ff
2024-11-15T08:30:57.287389,189.cn,2a03:90c0:9992::1,AAAA,[],NoAnswer,No answer for domain: 189.cn on server: 2a03:90c0:9992::1
2024-11-15T08:30:57.287389,16personalities.com,211.136.17.107,A,"['172.66.41.42', '172.66.42.214']",,
2024-11-15T08:30:57.287389,163img.com,2620:0:ccd::2,AAAA,[],NoAnswer,No answer for domain: 163img.com on server: 2620:0:ccd::2
2024-11-15T08:30:57.287389,1984.is,2001:6d0:d6::2001,AAAA,[],NoAnswer,No answer for domain: 1984.is on server: 2001:6d0:d6::2001
2024-11-15T08:30:57.287389,17track.net,2620:119:35::35,AAAA,[],NoAnswer,No answer for domain: 17track.net on server: 2620:119:35::35
2024-11-15T08:30:57.287389,19216811.uno,2606:4700:4700::1111,AAAA,"['2606:4700:20::ac43:4479', '2606:4700:20::681a:55b', '2606:4700:20::681a:45b']",,
2024-11-15T08:30:57.287389,16clouds.com,123.125.81.6,A,['127.0.0.1'],,
2024-11-15T08:30:57.287389,17track.net,2620:119:53::53,AAAA,[],NoAnswer,No answer for domain: 17track.net on server: 2620:119:53::53
2024-11-15T08:30:57.287389,163img.com,2a10:50c0::ad1:ff,AAAA,[],NoAnswer,No answer for domain: 163img.com on server: 2a10:50c0::ad1:ff
2024-11-15T08:30:57.287389,1984.is,2a03:90c0:999d::1,AAAA,[],NoAnswer,No answer for domain: 1984.is on server: 2a03:90c0:999d::1
2024-11-15T08:30:57.287389,189.cn,2606:4700:4700::1111,AAAA,[],NoAnswer,No answer for domain: 189.cn on server: 2606:4700:4700::1111
2024-11-15T08:30:57.287389,19216811.uno,2a03:90c0:9992::1,AAAA,"['2606:4700:20::681a:45b', '2606:4700:20::681a:55b', '2606:4700:20::ac43:4479']",,
2024-11-15T08:30:57.287389,163img.com,2620:119:53::53,AAAA,[],NoAnswer,No answer for domain: 163img.com on server: 2620:119:53::53
2024-11-15T08:30:57.287389,189.cn,2606:4700:4700::1001,AAAA,[],NoAnswer,No answer for domain: 189.cn on server: 2606:4700:4700::1001
2024-11-15T08:30:57.287389,1984.is,2a03:90c0:9992::1,AAAA,[],NoAnswer,No answer for domain: 1984.is on server: 2a03:90c0:9992::1
2024-11-15T08:30:57.287389,19216811.uno,2001:4860:4860::8888,AAAA,"['2606:4700:20::681a:45b', '2606:4700:20::ac43:4479', '2606:4700:20::681a:55b']",,
2024-11-15T08:30:57.287389,16clouds.com,223.6.6.6,A,['127.0.0.1'],,
2024-11-15T08:30:57.287389,17track.net,62.76.76.62,A,['43.132.140.121'],,
2024-11-15T08:30:57.287389,163img.com,2620:0:ccc::2,AAAA,[],NoAnswer,No answer for domain: 163img.com on server: 2620:0:ccc::2
2024-11-15T08:30:57.287389,17track.net,62.76.62.76,A,['43.132.140.121'],,
2024-11-15T08:30:57.287389,189.cn,2400:3200::1,AAAA,[],NoAnswer,No answer for domain: 189.cn on server: 2400:3200::1
2024-11-15T08:30:57.287389,17track.net,2a0c:a9c7:9::1,AAAA,[],NoAnswer,No answer for domain: 17track.net on server: 2a0c:a9c7:9::1
2024-11-15T08:30:57.287389,18comic.vip,2620:119:53::53,AAAA,['2001::ae25:9aec'],,
2024-11-15T08:30:57.288388,16clouds.com,119.29.29.29,A,['127.0.0.1'],,
2024-11-15T08:30:57.288388,1984.is,2606:4700:4700::1001,AAAA,[],NoAnswer,No answer for domain: 1984.is on server: 2606:4700:4700::1001
2024-11-15T08:30:57.288388,163jiasu.com,2620:fe::10,AAAA,[],NoAnswer,No answer for domain: 163jiasu.com on server: 2620:fe::10
2024-11-15T08:30:57.288388,1377x.to,2400:da00::6666,AAAA,[],Timeout,Timeout occurred for domain: 1377x.to on server: 2400:da00::6666
2024-11-15T08:30:57.288388,17track.net,77.88.8.1,A,['43.132.140.121'],,
2024-11-15T08:30:57.288388,18comic.vip,2620:0:ccd::2,AAAA,['2001::9a55:661e'],,
2024-11-15T08:30:57.288388,189.cn,2a03:90c0:999d::1,AAAA,[],NoAnswer,No answer for domain: 189.cn on server: 2a03:90c0:999d::1
2024-11-15T08:30:57.288388,163jiasu.com,2620:119:35::35,AAAA,[],NoAnswer,No answer for domain: 163jiasu.com on server: 2620:119:35::35
2024-11-15T08:30:57.288388,17track.net,2001:6d0:6d0::2001,AAAA,[],NoAnswer,No answer for domain: 17track.net on server: 2001:6d0:6d0::2001
2024-11-15T08:30:57.288388,16clouds.com,114.114.115.115,A,['127.0.0.1'],,
2024-11-15T08:30:57.288388,18comic.vip,2620:119:35::35,AAAA,['2001::c73b:95cd'],,
2024-11-15T08:30:57.288388,16clouds.com,223.5.5.5,A,['127.0.0.1'],,
2024-11-15T08:30:57.288388,1984.is,2001:4860:4860::8888,AAAA,[],NoAnswer,No answer for domain: 1984.is on server: 2001:4860:4860::8888
2024-11-15T08:30:57.288388,17track.net,9.9.9.10,A,['43.132.140.121'],,
2024-11-15T08:30:57.288388,17track.net,2a02:6b8:0:1::feed:0ff,AAAA,[],NoAnswer,No answer for domain: 17track.net on server: 2a02:6b8:0:1::feed:0ff
2024-11-15T08:30:57.288388,18comic.org,2001:4860:4860::8844,AAAA,['2001::68f4:2e55'],,
2024-11-15T08:30:57.288388,163jiasu.com,2a0c:a9c7:9::1,AAAA,[],NoAnswer,No answer for domain: 163jiasu.com on server: 2a0c:a9c7:9::1
2024-11-15T08:30:57.288388,18comic.vip,2620:0:ccc::2,AAAA,['2001::adec:d42a'],,
2024-11-15T08:30:57.288388,17track.net,2001:6d0:d6::2001,AAAA,[],NoAnswer,No answer for domain: 17track.net on server: 2001:6d0:d6::2001
2024-11-15T08:30:57.288388,16clouds.com,94.140.15.15,A,['127.0.0.1'],,
2024-11-15T08:30:57.288388,16personalities.com,2620:119:53::53,AAAA,"['2606:4700:3108::ac42:292a', '2606:4700:3108::ac42:2ad6']",,
2024-11-15T08:30:57.288388,1984.is,2a02:6b8::feed:0ff,AAAA,[],NoAnswer,No answer for domain: 1984.is on server: 2a02:6b8::feed:0ff
2024-11-15T08:30:57.288388,18comic.vip,2400:3200::1,AAAA,['2001::1f0d:5f26'],,
2024-11-15T08:30:57.288388,189.cn,2620:119:35::35,AAAA,[],NoAnswer,No answer for domain: 189.cn on server: 2620:119:35::35
2024-11-15T08:30:57.288388,163jiasu.com,2620:fe::fe,AAAA,[],NoAnswer,No answer for domain: 163jiasu.com on server: 2620:fe::fe
2024-11-15T08:30:57.288388,16clouds.com,114.114.114.114,A,['127.0.0.1'],,
2024-11-15T08:30:57.288388,1984.is,2a02:6b8:0:1::feed:0ff,AAAA,[],NoAnswer,No answer for domain: 1984.is on server: 2a02:6b8:0:1::feed:0ff
2024-11-15T08:30:57.288388,16personalities.com,2620:fe::fe,AAAA,"['2606:4700:3108::ac42:292a', '2606:4700:3108::ac42:2ad6']",,
2024-11-15T08:30:57.288388,189.cn,2620:119:53::53,AAAA,[],NoAnswer,No answer for domain: 189.cn on server: 2620:119:53::53
2024-11-15T08:30:57.288388,18comic.vip,2400:3200:baba::1,AAAA,['2001::67fc:7335'],,
2024-11-15T08:30:57.288388,1984.is,2001:4860:4860::8844,AAAA,[],NoAnswer,No answer for domain: 1984.is on server: 2001:4860:4860::8844
2024-11-15T08:30:57.288388,163jiasu.com,2001:6d0:d6::2001,AAAA,[],NoAnswer,No answer for domain: 163jiasu.com on server: 2001:6d0:d6::2001
2024-11-15T08:30:57.288388,16clouds.com,123.125.81.7,A,[],Timeout,Timeout occurred for domain: 16clouds.com on server: 123.125.81.7
2024-11-15T08:30:57.288388,163jiasu.com,2a0c:a9c7:8::1,AAAA,[],NoAnswer,No answer for domain: 163jiasu.com on server: 2a0c:a9c7:8::1
2024-11-15T08:30:57.288388,16personalities.com,2620:fe::10,AAAA,"['2606:4700:3108::ac42:292a', '2606:4700:3108::ac42:2ad6']",,
2024-11-15T08:30:57.288388,189.cn,2620:fe::fe,AAAA,[],NoAnswer,No answer for domain: 189.cn on server: 2620:fe::fe
2024-11-15T08:30:57.288388,1984.is,2606:4700:4700::1111,AAAA,[],NoAnswer,No answer for domain: 1984.is on server: 2606:4700:4700::1111
2024-11-15T08:30:57.288388,16clouds.com,180.76.76.76,A,['127.0.0.1'],,
2024-11-15T08:30:57.288388,16personalities.com,101.226.4.6,A,"['172.66.41.42', '172.66.42.214']",,
2024-11-15T08:30:57.288388,163jiasu.com,2606:4700:4700::1001,AAAA,[],NoAnswer,No answer for domain: 163jiasu.com on server: 2606:4700:4700::1001
2024-11-15T08:30:57.288388,18comic.vip,2400:da00::6666,AAAA,[],Timeout,Timeout occurred for domain: 18comic.vip on server: 2400:da00::6666
2024-11-15T08:30:57.288388,189.cn,2620:fe::10,AAAA,[],NoAnswer,No answer for domain: 189.cn on server: 2620:fe::10
2024-11-15T08:30:57.288388,19216811.uno,2a03:90c0:999d::1,AAAA,"['2606:4700:20::681a:55b', '2606:4700:20::ac43:4479', '2606:4700:20::681a:45b']",,
2024-11-15T08:30:57.288388,19216811.uno,2a10:50c0::ad1:ff,AAAA,"['2606:4700:20::681a:55b', '2606:4700:20::681a:45b', '2606:4700:20::ac43:4479']",,
2024-11-15T08:30:57.288388,16clouds.com,211.136.17.107,A,['127.0.0.1'],,
2024-11-15T08:30:57.288388,17track.net,195.208.5.1,A,['43.132.140.121'],,
2024-11-15T08:30:57.288388,163jiasu.com,2a03:90c0:999d::1,AAAA,[],NoAnswer,No answer for domain: 163jiasu.com on server: 2a03:90c0:999d::1
2024-11-15T08:30:57.288388,189.cn,2a0c:a9c7:8::1,AAAA,[],NoAnswer,No answer for domain: 189.cn on server: 2a0c:a9c7:8::1
2024-11-15T08:30:57.288388,18comic.vip,2001:6d0:d6::2001,AAAA,['2001::c760:3e29'],,
2024-11-15T08:30:57.288388,19216811.uno,2620:119:53::53,AAAA,"['2606:4700:20::681a:55b', '2606:4700:20::ac43:4479', '2606:4700:20::681a:45b']",,
2024-11-15T08:30:57.288388,16clouds.com,117.50.11.11,A,['127.0.0.1'],,
2024-11-15T08:30:57.288388,17track.net,1.0.0.1,A,['43.132.140.121'],,
2024-11-15T08:30:57.288388,163jiasu.com,2001:4860:4860::8844,AAAA,[],NoAnswer,No answer for domain: 163jiasu.com on server: 2001:4860:4860::8844
2024-11-15T08:30:57.288388,16personalities.com,2400:3200::1,AAAA,"['2606:4700:3108::ac42:2ad6', '2606:4700:3108::ac42:292a']",,
2024-11-15T08:30:57.288388,189.cn,2a0c:a9c7:9::1,AAAA,[],NoAnswer,No answer for domain: 189.cn on server: 2a0c:a9c7:9::1
2024-11-15T08:30:57.288388,19216811.uno,2606:4700:4700::1001,AAAA,"['2606:4700:20::ac43:4479', '2606:4700:20::681a:45b', '2606:4700:20::681a:55b']",,
2024-11-15T08:30:57.288388,19216811.uno,2620:119:35::35,AAAA,"['2606:4700:20::681a:45b', '2606:4700:20::681a:55b', '2606:4700:20::ac43:4479']",,
2024-11-15T08:30:57.288388,16personalities.com,123.125.81.7,A,[],Timeout,Timeout occurred for domain: 16personalities.com on server: 123.125.81.7
2024-11-15T08:30:57.288388,163jiasu.com,2606:4700:4700::1111,AAAA,[],NoAnswer,No answer for domain: 163jiasu.com on server: 2606:4700:4700::1111
2024-11-15T08:30:57.288388,16personalities.com,2620:119:35::35,AAAA,"['2606:4700:3108::ac42:292a', '2606:4700:3108::ac42:2ad6']",,
2024-11-15T08:30:57.288388,16clouds.com,101.226.4.7,A,[],Timeout,Timeout occurred for domain: 16clouds.com on server: 101.226.4.7
2024-11-15T08:30:57.288388,18comic.vip,2001:6d0:6d0::2001,AAAA,['2001::76c1:f029'],,
2024-11-15T08:30:57.288388,19216811.uno,2a10:50c0::ad2:ff,AAAA,"['2606:4700:20::681a:55b', '2606:4700:20::ac43:4479', '2606:4700:20::681a:45b']",,
2024-11-15T08:30:57.288388,16clouds.com,218.30.118.6,A,['127.0.0.1'],,
2024-11-15T08:30:57.288388,17track.net,1.1.1.1,A,['43.132.140.121'],,
2024-11-15T08:30:57.288388,19216811.uno,2400:da00::6666,AAAA,[],Timeout,Timeout occurred for domain: 19216811.uno on server: 2400:da00::6666
2024-11-15T08:30:57.288388,16personalities.com,2400:3200:baba::1,AAAA,"['2606:4700:3108::ac42:2ad6', '2606:4700:3108::ac42:292a']",,
2024-11-15T08:30:57.288388,189.cn,2001:4860:4860::8888,AAAA,[],NoAnswer,No answer for domain: 189.cn on server: 2001:4860:4860::8888
2024-11-15T08:30:57.288388,19216811.uno,2a02:6b8:0:1::feed:0ff,AAAA,"['2a06:98c1:3122:e000::5', '2a06:98c1:3123:e000::5']",,
2024-11-15T08:30:57.288388,19216811.uno,2620:0:ccc::2,AAAA,"['2606:4700:20::681a:55b', '2606:4700:20::ac43:4479', '2606:4700:20::681a:45b']",,
2024-11-15T08:30:57.288388,16clouds.com,208.67.220.220,A,['127.0.0.1'],,
2024-11-15T08:30:57.288388,163jiasu.com,2001:4860:4860::8888,AAAA,[],NoAnswer,No answer for domain: 163jiasu.com on server: 2001:4860:4860::8888
2024-11-15T08:30:57.288388,17track.net,2a0c:a9c7:8::1,AAAA,[],NoAnswer,No answer for domain: 17track.net on server: 2a0c:a9c7:8::1
2024-11-15T08:30:57.288388,17track.net,9.9.9.9,A,[],Timeout,Timeout occurred for domain: 17track.net on server: 9.9.9.9
2024-11-15T08:30:57.288388,18comic.vip,2620:fe::fe,AAAA,['2001::caa0:80cb'],,
2024-11-15T08:30:57.288388,19216811.uno,2620:0:ccd::2,AAAA,"['2606:4700:20::ac43:4479', '2606:4700:20::681a:45b', '2606:4700:20::681a:55b']",,
2024-11-15T08:30:57.288388,16clouds.com,210.21.196.6,A,[],Timeout,Timeout occurred for domain: 16clouds.com on server: 210.21.196.6
2024-11-15T08:30:57.288388,16personalities.com,101.226.4.7,A,[],Timeout,Timeout occurred for domain: 16personalities.com on server: 101.226.4.7
2024-11-15T08:30:57.288388,17track.net,8.8.8.8,A,['1.14.243.156'],,
2024-11-15T08:30:57.288388,16personalities.com,2a10:50c0::ad1:ff,AAAA,"['2606:4700:3108::ac42:292a', '2606:4700:3108::ac42:2ad6']",,
2024-11-15T08:30:57.288388,16clouds.com,208.67.222.220,A,['127.0.0.1'],,
2024-11-15T08:30:57.288388,18comic.org,2001:4860:4860::8888,AAAA,['2001::c73b:962d'],,
2024-11-15T08:30:57.288388,18comic.vip,2620:fe::10,AAAA,['2001::c760:3b13'],,
2024-11-15T08:30:57.288388,19216811.uno,2400:3200:baba::1,AAAA,"['2606:4700:20::681a:55b', '2606:4700:20::681a:45b', '2606:4700:20::ac43:4479']",,
2024-11-15T08:30:57.288388,16clouds.com,208.67.220.222,A,['127.0.0.1'],,
2024-11-15T08:30:57.288388,17track.net,8.8.4.4,A,['1.14.243.156'],,
2024-11-15T08:30:57.288388,16personalities.com,2a10:50c0::ad2:ff,AAAA,"['2606:4700:3108::ac42:2ad6', '2606:4700:3108::ac42:292a']",,
2024-11-15T08:30:57.288388,18comic.vip,2a10:50c0::ad1:ff,AAAA,['2001::6ca0:a36a'],,
2024-11-15T08:30:57.288388,163jiasu.com,2a02:6b8:0:1::feed:0ff,AAAA,[],NoAnswer,No answer for domain: 163jiasu.com on server: 2a02:6b8:0:1::feed:0ff
2024-11-15T08:30:57.288388,16clouds.com,94.140.14.14,A,['127.0.0.1'],,
2024-11-15T08:30:57.288388,163jiasu.com,2001:6d0:6d0::2001,AAAA,[],NoAnswer,No answer for domain: 163jiasu.com on server: 2001:6d0:6d0::2001
2024-11-15T08:30:57.288388,19216811.uno,2402:4e00::,AAAA,"['2606:4700:20::681a:55b', '2606:4700:20::681a:45b', '2606:4700:20::ac43:4479']",,
2024-11-15T08:30:57.288388,17track.net,195.208.4.1,A,['43.132.140.121'],,
2024-11-15T08:30:57.288388,163jiasu.com,2a02:6b8::feed:0ff,AAAA,[],NoAnswer,No answer for domain: 163jiasu.com on server: 2a02:6b8::feed:0ff
2024-11-15T08:30:57.288388,189.cn,2402:4e00::,AAAA,[],NoAnswer,No answer for domain: 189.cn on server: 2402:4e00::
2024-11-15T08:30:57.288388,19216811.uno,2400:3200::1,AAAA,"['2606:4700:20::681a:45b', '2606:4700:20::ac43:4479', '2606:4700:20::681a:55b']",,
2024-11-15T08:30:57.288388,18comic.vip,2a10:50c0::ad2:ff,AAAA,['2001::6ca0:aa29'],,
2024-11-15T08:30:57.288388,17track.net,2a03:90c0:999d::1,AAAA,[],NoAnswer,No answer for domain: 17track.net on server: 2a03:90c0:999d::1
2024-11-15T08:30:57.288388,18comic.vip,119.29.29.29,A,['199.16.158.182'],,
2024-11-15T08:30:57.288388,17u.cn,101.226.4.6,A,['202.90.20.133'],,
2024-11-15T08:30:57.288388,189.cn,8.8.8.8,A,['42.99.20.226'],,
2024-11-15T08:30:57.288388,18comic.vip,223.5.5.5,A,['199.59.149.239'],,
2024-11-15T08:30:57.288388,163jiasu.com,208.67.222.222,A,['59.111.181.39'],,
2024-11-15T08:30:57.288388,17track.net,101.226.4.6,A,['1.14.243.156'],,
2024-11-15T08:30:57.288388,18comic.vip,1.0.0.1,A,['31.13.76.99'],,
2024-11-15T08:30:57.288388,16personalities.com,2400:da00::6666,AAAA,[],Timeout,Timeout occurred for domain: 16personalities.com on server: 2400:da00::6666
2024-11-15T08:30:57.288388,18comic.vip,114.114.114.114,A,['31.13.87.34'],,
2024-11-15T08:30:57.288388,163jiasu.com,101.226.4.6,A,['59.111.181.39'],,
2024-11-15T08:30:57.288388,17track.net,211.136.17.107,A,['1.14.243.156'],,
2024-11-15T08:30:57.288388,189.cn,208.67.220.220,A,['42.99.20.226'],,
2024-11-15T08:30:57.288388,18comic.vip,223.6.6.6,A,['199.59.149.239'],,
2024-11-15T08:30:57.288388,189.cn,2.56.220.2,A,['42.99.20.226'],,
2024-11-15T08:30:57.288388,18comic.vip,114.114.115.115,A,['31.13.87.34'],,
2024-11-15T08:30:57.288388,163jiasu.com,117.50.11.11,A,['59.111.181.39'],,
2024-11-15T08:30:57.288388,16clouds.com,202.96.128.86,A,[],Timeout,Timeout occurred for domain: 16clouds.com on server: 202.96.128.86
2024-11-15T08:30:57.288388,189.cn,94.140.15.15,A,['42.99.20.226'],,
2024-11-15T08:30:57.288388,17track.net,218.30.118.6,A,['1.14.243.156'],,
2024-11-15T08:30:57.288388,189.cn,95.85.95.85,A,['42.99.20.226'],,
2024-11-15T08:30:57.288388,18comic.vip,94.140.14.14,A,['52.58.1.161'],,
2024-11-15T08:30:57.288388,163jiasu.com,211.136.17.107,A,['59.111.181.39'],,
2024-11-15T08:30:57.288388,17u.cn,8.8.4.4,A,['202.90.20.133'],,
2024-11-15T08:30:57.288388,189.cn,94.140.14.14,A,['42.99.20.226'],,
2024-11-15T08:30:57.288388,18comic.vip,94.140.15.15,A,['199.16.156.38'],,
2024-11-15T08:30:57.288388,163jiasu.com,123.125.81.6,A,['59.111.181.39'],,
2024-11-15T08:30:57.288388,17u.cn,95.85.95.85,A,['202.90.20.133'],,
2024-11-15T08:30:57.288388,17u.cn,123.125.81.6,A,['202.90.20.133'],,
2024-11-15T08:30:57.288388,18comic.vip,208.67.222.220,A,['199.59.149.236'],,
2024-11-15T08:30:57.288388,17u.cn,2400:da00::6666,AAAA,[],Timeout,Timeout occurred for domain: 17u.cn on server: 2400:da00::6666
2024-11-15T08:30:57.288388,17track.net,123.125.81.6,A,['1.14.243.156'],,
2024-11-15T08:30:57.288388,189.cn,208.67.220.222,A,['42.99.20.226'],,
2024-11-15T08:30:57.288388,18comic.vip,208.67.220.222,A,['69.63.180.173'],,
2024-11-15T08:30:57.288388,163jiasu.com,218.30.118.6,A,['59.111.181.39'],,
2024-11-15T08:30:57.288388,17u.cn,211.136.17.107,A,['202.90.20.133'],,
2024-11-15T08:30:57.288388,18comic.vip,208.67.222.222,A,['108.160.170.39'],,
2024-11-15T08:30:57.288388,163jiasu.com,94.140.15.15,A,['59.111.181.39'],,
2024-11-15T08:30:57.288388,17track.net,117.50.11.11,A,['1.14.243.156'],,
2024-11-15T08:30:57.288388,17u.cn,117.50.11.11,A,['202.90.20.133'],,
2024-11-15T08:30:57.288388,163jiasu.com,114.114.114.114,A,['59.111.181.39'],,
2024-11-15T08:30:57.288388,163img.com,2400:da00::6666,AAAA,[],Timeout,Timeout occurred for domain: 163img.com on server: 2400:da00::6666
2024-11-15T08:30:57.288388,18comic.vip,208.67.220.220,A,['74.86.228.110'],,
2024-11-15T08:30:57.288388,163jiasu.com,119.29.29.29,A,['59.111.181.39'],,
2024-11-15T08:30:57.288388,17track.net,119.29.29.29,A,['1.14.243.156'],,
2024-11-15T08:30:57.289389,189.cn,208.67.222.222,A,['42.99.20.226'],,
2024-11-15T08:30:57.289389,17track.net,180.76.76.76,A,['1.14.243.156'],,
2024-11-15T08:30:57.289389,189.cn,62.76.62.76,A,['42.99.20.226'],,
2024-11-15T08:30:57.289389,18comic.vip,195.208.4.1,A,['108.160.166.142'],,
2024-11-15T08:30:57.289389,163jiasu.com,223.6.6.6,A,['59.111.181.39'],,
2024-11-15T08:30:57.289389,17u.cn,1.0.0.1,A,['202.90.20.133'],,
2024-11-15T08:30:57.289389,189.cn,9.9.9.10,A,['42.99.20.226'],,
2024-11-15T08:30:57.289389,18comic.vip,195.208.5.1,A,['108.160.163.117'],,
2024-11-15T08:30:57.289389,163jiasu.com,180.76.76.76,A,['59.111.181.39'],,
2024-11-15T08:30:57.289389,17track.net,223.6.6.6,A,['1.14.243.156'],,
2024-11-15T08:30:57.289389,189.cn,2400:da00::6666,AAAA,[],Timeout,Timeout occurred for domain: 189.cn on server: 2400:da00::6666
2024-11-15T08:30:57.289389,189.cn,62.76.76.62,A,['42.99.20.226'],,
2024-11-15T08:30:57.289389,163jiasu.com,114.114.115.115,A,['59.111.181.39'],,
2024-11-15T08:30:57.289389,17u.cn,1.1.1.1,A,['202.90.20.133'],,
2024-11-15T08:30:57.289389,18comic.vip,9.9.9.10,A,['88.191.249.182'],,
2024-11-15T08:30:57.289389,163jiasu.com,223.5.5.5,A,['59.111.181.39'],,
2024-11-15T08:30:57.289389,189.cn,1.1.1.1,A,['42.99.20.226'],,
2024-11-15T08:30:57.289389,18comic.vip,62.76.62.76,A,['199.59.148.102'],,
2024-11-15T08:30:57.289389,163jiasu.com,208.67.220.222,A,['59.111.181.39'],,
2024-11-15T08:30:57.289389,17track.net,208.67.222.220,A,['1.14.243.156'],,
2024-11-15T08:30:57.289389,189.cn,1.0.0.1,A,['42.99.20.226'],,
2024-11-15T08:30:57.289389,163jiasu.com,94.140.14.14,A,['59.111.181.39'],,
2024-11-15T08:30:57.289389,189.cn,8.8.4.4,A,['42.99.20.226'],,
2024-11-15T08:30:57.289389,18comic.vip,77.88.8.1,A,['130.211.15.150'],,
2024-11-15T08:30:57.289389,166.com,8.8.8.8,A,['59.111.129.134'],,
2024-11-15T08:30:57.289389,17track.net,123.125.81.7,A,[],Timeout,Timeout occurred for domain: 17track.net on server: 123.125.81.7
2024-11-15T08:30:57.289389,17track.net,101.226.4.7,A,[],Timeout,Timeout occurred for domain: 17track.net on server: 101.226.4.7
2024-11-15T08:30:57.289389,17u.cn,8.8.8.8,A,['202.90.20.133'],,
2024-11-15T08:30:57.289389,18comic.vip,2.56.220.2,A,['202.182.98.125'],,
2024-11-15T08:30:57.289389,163jiasu.com,208.67.222.220,A,['59.111.181.39'],,
2024-11-15T08:30:57.289389,189.cn,195.208.5.1,A,['42.99.20.226'],,
2024-11-15T08:30:57.289389,163jiasu.com,202.96.128.86,A,[],Timeout,Timeout occurred for domain: 163jiasu.com on server: 202.96.128.86
2024-11-15T08:30:57.289389,18comic.vip,77.88.8.8,A,['31.13.76.65'],,
2024-11-15T08:30:57.289389,17track.net,94.140.15.15,A,['1.14.243.156'],,
2024-11-15T08:30:57.289389,17track.net,114.114.114.114,A,['1.14.243.156'],,
2024-11-15T08:30:57.289389,163jiasu.com,9.9.9.10,A,['59.111.181.39'],,
2024-11-15T08:30:57.289389,18comic.vip,1.1.1.1,A,['108.160.165.173'],,
2024-11-15T08:30:57.289389,189.cn,195.208.4.1,A,['42.99.20.226'],,
2024-11-15T08:30:57.289389,17track.net,114.114.115.115,A,['1.14.243.156'],,
2024-11-15T08:30:57.289389,189.cn,77.88.8.8,A,['42.99.20.226'],,
2024-11-15T08:30:57.289389,18comic.vip,62.76.76.62,A,['108.160.169.174'],,
2024-11-15T08:30:57.289389,163jiasu.com,208.67.220.220,A,['59.111.181.39'],,
2024-11-15T08:30:57.289389,17track.net,223.5.5.5,A,['1.14.243.156'],,
2024-11-15T08:30:57.289389,18comic.vip,95.85.95.85,A,['199.59.150.13'],,
2024-11-15T08:30:57.289389,189.cn,77.88.8.1,A,['42.99.20.226'],,
2024-11-15T08:30:57.289389,17track.net,208.67.220.222,A,['1.14.243.156'],,
2024-11-15T08:30:57.289389,189.cn,208.67.222.220,A,['42.99.20.226'],,
2024-11-15T08:30:57.289389,17track.net,210.21.196.6,A,[],Timeout,Timeout occurred for domain: 17track.net on server: 210.21.196.6
2024-11-15T08:30:57.289389,17track.net,94.140.14.14,A,['1.14.243.156'],,
2024-11-15T08:30:57.289389,163jiasu.com,210.21.196.6,A,[],Timeout,Timeout occurred for domain: 163jiasu.com on server: 210.21.196.6
2024-11-15T08:30:57.289389,18comic.vip,8.8.4.4,A,['199.59.150.49'],,
2024-11-15T08:30:57.289389,17track.net,208.67.220.220,A,['1.14.243.156'],,
2024-11-15T08:30:57.289389,189.cn,9.9.9.9,A,[],Timeout,Timeout occurred for domain: 189.cn on server: 9.9.9.9
2024-11-15T08:30:57.289389,163.com,1.1.1.1,A,['59.111.160.244'],,
2024-11-15T08:30:57.289389,163img.com,101.226.4.6,A,['59.111.129.134'],,
2024-11-15T08:30:57.289389,163.com,2a02:6b8::feed:0ff,AAAA,[],NoAnswer,No answer for domain: 163.com on server: 2a02:6b8::feed:0ff
2024-11-15T08:30:57.289389,163.com,208.67.222.222,A,['59.111.160.244'],,
2024-11-15T08:30:57.289389,163.com,2a02:6b8:0:1::feed:0ff,AAAA,[],NoAnswer,No answer for domain: 163.com on server: 2a02:6b8:0:1::feed:0ff
2024-11-15T08:30:57.289389,16clouds.com,2a03:90c0:999d::1,AAAA,[],NoAnswer,No answer for domain: 16clouds.com on server: 2a03:90c0:999d::1
2024-11-15T08:30:57.289389,163.com,114.114.115.115,A,['59.111.160.244'],,
2024-11-15T08:30:57.289389,163img.com,123.125.81.6,A,['59.111.129.134'],,
2024-11-15T08:30:57.289389,18comic.vip,9.9.9.9,A,[],Timeout,Timeout occurred for domain: 18comic.vip on server: 9.9.9.9
2024-11-15T08:30:57.289389,1688.com,2a0c:a9c7:9::1,AAAA,[],NoAnswer,No answer for domain: 1688.com on server: 2a0c:a9c7:9::1
2024-11-15T08:30:57.289389,163.com,195.208.4.1,A,['59.111.160.244'],,
2024-11-15T08:30:57.289389,163img.com,94.140.15.15,A,['59.111.129.134'],,
2024-11-15T08:30:57.289389,163.com,2a03:90c0:9992::1,AAAA,[],NoAnswer,No answer for domain: 163.com on server: 2a03:90c0:9992::1
2024-11-15T08:30:57.289389,17track.net,202.96.128.86,A,[],Timeout,Timeout occurred for domain: 17track.net on server: 202.96.128.86
2024-11-15T08:30:57.289389,1688.com,2620:fe::fe,AAAA,[],NoAnswer,No answer for domain: 1688.com on server: 2620:fe::fe
2024-11-15T08:30:57.289389,163img.com,211.136.17.107,A,['59.111.129.134'],,
2024-11-15T08:30:57.289389,16clouds.com,2606:4700:4700::1001,AAAA,[],NoAnswer,No answer for domain: 16clouds.com on server: 2606:4700:4700::1001
2024-11-15T08:30:57.289389,163.com,2001:6d0:6d0::2001,AAAA,[],NoAnswer,No answer for domain: 163.com on server: 2001:6d0:6d0::2001
2024-11-15T08:30:57.289389,163img.com,117.50.11.11,A,['59.111.129.134'],,
2024-11-15T08:30:57.289389,163.com,62.76.62.76,A,['59.111.160.244'],,
2024-11-15T08:30:57.289389,163.com,2606:4700:4700::1111,AAAA,[],NoAnswer,No answer for domain: 163.com on server: 2606:4700:4700::1111
2024-11-15T08:30:57.289389,163.com,9.9.9.10,A,['59.111.160.244'],,
2024-11-15T08:30:57.289389,163img.com,223.5.5.5,A,['59.111.129.134'],,
2024-11-15T08:30:57.289389,163.com,2001:4860:4860::8888,AAAA,[],NoAnswer,No answer for domain: 163.com on server: 2001:4860:4860::8888
2024-11-15T08:30:57.289389,16clouds.com,2a03:90c0:9992::1,AAAA,[],NoAnswer,No answer for domain: 16clouds.com on server: 2a03:90c0:9992::1
2024-11-15T08:30:57.289389,163.com,8.8.8.8,A,['59.111.160.244'],,
2024-11-15T08:30:57.289389,163img.com,223.6.6.6,A,['59.111.129.134'],,
2024-11-15T08:30:57.289389,16clouds.com,2001:4860:4860::8844,AAAA,[],NoAnswer,No answer for domain: 16clouds.com on server: 2001:4860:4860::8844
2024-11-15T08:30:57.289389,163.com,2001:4860:4860::8844,AAAA,[],NoAnswer,No answer for domain: 163.com on server: 2001:4860:4860::8844
2024-11-15T08:30:57.289389,163.com,8.8.4.4,A,['59.111.160.244'],,
2024-11-15T08:30:57.289389,16clouds.com,2606:4700:4700::1111,AAAA,[],NoAnswer,No answer for domain: 16clouds.com on server: 2606:4700:4700::1111
2024-11-15T08:30:57.289389,15min.lt,2402:4e00::,AAAA,"['2606:4700:3033::6815:180b', '2606:4700:3037::ac43:d748']",,
2024-11-15T08:30:57.289389,1688.com,2a10:50c0::ad1:ff,AAAA,[],NoAnswer,No answer for domain: 1688.com on server: 2a10:50c0::ad1:ff
2024-11-15T08:30:57.289389,163.com,94.140.15.15,A,['59.111.160.244'],,
2024-11-15T08:30:57.289389,163jiasu.com,101.226.4.7,A,[],Timeout,Timeout occurred for domain: 163jiasu.com on server: 101.226.4.7
2024-11-15T08:30:57.289389,16clouds.com,2001:4860:4860::8888,AAAA,[],NoAnswer,No answer for domain: 16clouds.com on server: 2001:4860:4860::8888
2024-11-15T08:30:57.289389,163.com,114.114.114.114,A,['59.111.160.244'],,
2024-11-15T08:30:57.289389,163jiasu.com,9.9.9.9,A,[],Timeout,Timeout occurred for domain: 163jiasu.com on server: 9.9.9.9
2024-11-15T08:30:57.289389,15min.lt,2400:3200::1,AAAA,"['2606:4700:3033::6815:180b', '2606:4700:3037::ac43:d748']",,
2024-11-15T08:30:57.289389,163jiasu.com,123.125.81.7,A,[],Timeout,Timeout occurred for domain: 163jiasu.com on server: 123.125.81.7
2024-11-15T08:30:57.289389,1688.com,2a0c:a9c7:8::1,AAAA,[],NoAnswer,No answer for domain: 1688.com on server: 2a0c:a9c7:8::1
2024-11-15T08:30:57.289389,163img.com,218.30.118.6,A,['59.111.129.134'],,
2024-11-15T08:30:57.289389,15min.lt,2400:3200:baba::1,AAAA,"['2606:4700:3037::ac43:d748', '2606:4700:3033::6815:180b']",,
2024-11-15T08:30:57.289389,1688.com,2620:0:ccd::2,AAAA,[],NoAnswer,No answer for domain: 1688.com on server: 2620:0:ccd::2
2024-11-15T08:30:57.289389,163.com,223.5.5.5,A,['59.111.160.244'],,
2024-11-15T08:30:57.289389,163img.com,119.29.29.29,A,['59.111.129.134'],,
2024-11-15T08:30:57.289389,17u.cn,123.125.81.7,A,[],Timeout,Timeout occurred for domain: 17u.cn on server: 123.125.81.7
2024-11-15T08:30:57.289389,163.com,195.208.5.1,A,['59.111.160.244'],,
2024-11-15T08:30:57.289389,163img.com,180.76.76.76,A,['59.111.129.134'],,
2024-11-15T08:30:57.289389,163.com,2606:4700:4700::1001,AAAA,[],NoAnswer,No answer for domain: 163.com on server: 2606:4700:4700::1001
2024-11-15T08:30:57.289389,1688.com,2620:0:ccc::2,AAAA,[],NoAnswer,No answer for domain: 1688.com on server: 2620:0:ccc::2
2024-11-15T08:30:57.289389,163.com,223.6.6.6,A,['59.111.160.244'],,
2024-11-15T08:30:57.289389,163img.com,114.114.114.114,A,['59.111.129.134'],,
2024-11-15T08:30:57.289389,15min.lt,2a02:6b8::feed:0ff,AAAA,"['2606:4700:3033::6815:180b', '2606:4700:3037::ac43:d748']",,
2024-11-15T08:30:57.289389,1688.com,2400:3200:baba::1,AAAA,[],NoAnswer,No answer for domain: 1688.com on server: 2400:3200:baba::1
2024-11-15T08:30:57.289389,163.com,208.67.220.222,A,['59.111.160.244'],,
2024-11-15T08:30:57.289389,163img.com,114.114.115.115,A,['59.111.129.134'],,
2024-11-15T08:30:57.289389,15min.lt,2a02:6b8:0:1::feed:0ff,AAAA,"['2606:4700:3037::ac43:d748', '2606:4700:3033::6815:180b']",,
2024-11-15T08:30:57.289389,1688.com,2402:4e00::,AAAA,[],NoAnswer,No answer for domain: 1688.com on server: 2402:4e00::
2024-11-15T08:30:57.289389,163.com,94.140.14.14,A,['59.111.160.244'],,
2024-11-15T08:30:57.289389,163jiasu.com,77.88.8.8,A,['59.111.181.39'],,
2024-11-15T08:30:57.289389,15min.lt,2a0c:a9c7:8::1,AAAA,"['2606:4700:3033::6815:180b', '2606:4700:3037::ac43:d748']",,
2024-11-15T08:30:57.289389,1688.com,2a10:50c0::ad2:ff,AAAA,[],NoAnswer,No answer for domain: 1688.com on server: 2a10:50c0::ad2:ff
2024-11-15T08:30:57.289389,163.com,62.76.76.62,A,['59.111.160.244'],,
2024-11-15T08:30:57.289389,15min.lt,2a0c:a9c7:9::1,AAAA,"['2606:4700:3037::ac43:d748', '2606:4700:3033::6815:180b']",,
2024-11-15T08:30:57.289389,1688.com,2400:3200::1,AAAA,[],NoAnswer,No answer for domain: 1688.com on server: 2400:3200::1
2024-11-15T08:30:57.289389,163jiasu.com,2.56.220.2,A,['59.111.181.39'],,
2024-11-15T08:30:57.289389,15min.lt,2001:6d0:6d0::2001,AAAA,"['2606:4700:3033::6815:180b', '2606:4700:3037::ac43:d748']",,
2024-11-15T08:30:57.289389,1688.com,2620:119:35::35,AAAA,[],NoAnswer,No answer for domain: 1688.com on server: 2620:119:35::35
2024-11-15T08:30:57.289389,163.com,77.88.8.8,A,['59.111.160.244'],,
2024-11-15T08:30:57.289389,163jiasu.com,195.208.5.1,A,['59.111.181.39'],,
2024-11-15T08:30:57.289389,17u.cn,101.226.4.7,A,[],Timeout,Timeout occurred for domain: 17u.cn on server: 101.226.4.7
2024-11-15T08:30:57.289389,15min.lt,2001:6d0:d6::2001,AAAA,"['2606:4700:3037::ac43:d748', '2606:4700:3033::6815:180b']",,
2024-11-15T08:30:57.289389,163jiasu.com,8.8.4.4,A,['59.111.181.39'],,
2024-11-15T08:30:57.289389,15min.lt,2606:4700:4700::1001,AAAA,"['2606:4700:3033::6815:180b', '2606:4700:3037::ac43:d748']",,
2024-11-15T08:30:57.289389,1688.com,2620:fe::10,AAAA,[],NoAnswer,No answer for domain: 1688.com on server: 2620:fe::10
2024-11-15T08:30:57.289389,163jiasu.com,1.1.1.1,A,['59.111.181.39'],,
2024-11-15T08:30:57.289389,163.com,2.56.220.2,A,['59.111.160.244'],,
2024-11-15T08:30:57.289389,15min.lt,2a03:90c0:999d::1,AAAA,"['2606:4700:3033::6815:180b', '2606:4700:3037::ac43:d748']",,
2024-11-15T08:30:57.289389,1688.com,2620:119:53::53,AAAA,[],NoAnswer,No answer for domain: 1688.com on server: 2620:119:53::53
2024-11-15T08:30:57.289389,163jiasu.com,62.76.62.76,A,['59.111.181.39'],,
2024-11-15T08:30:57.289389,163.com,77.88.8.1,A,['59.111.160.244'],,
2024-11-15T08:30:57.289389,15min.lt,2a10:50c0::ad1:ff,AAAA,"['2606:4700:3033::6815:180b', '2606:4700:3037::ac43:d748']",,
2024-11-15T08:30:57.289389,1688.com,2606:4700:4700::1001,AAAA,[],NoAnswer,No answer for domain: 1688.com on server: 2606:4700:4700::1001
2024-11-15T08:30:57.289389,163.com,1.0.0.1,A,['59.111.160.244'],,
2024-11-15T08:30:57.289389,163jiasu.com,195.208.4.1,A,['59.111.181.39'],,
2024-11-15T08:30:57.289389,15min.lt,2a10:50c0::ad2:ff,AAAA,"['2606:4700:3037::ac43:d748', '2606:4700:3033::6815:180b']",,
2024-11-15T08:30:57.289389,163.com,95.85.95.85,A,['59.111.160.244'],,
2024-11-15T08:30:57.289389,163jiasu.com,95.85.95.85,A,['59.111.181.39'],,
2024-11-15T08:30:57.289389,15min.lt,2620:0:ccc::2,AAAA,"['2606:4700:3033::6815:180b', '2606:4700:3037::ac43:d748']",,
2024-11-15T08:30:57.289389,1688.com,2001:6d0:d6::2001,AAAA,[],NoAnswer,No answer for domain: 1688.com on server: 2001:6d0:d6::2001
2024-11-15T08:30:57.289389,1688.com,2a03:90c0:999d::1,AAAA,[],NoAnswer,No answer for domain: 1688.com on server: 2a03:90c0:999d::1
2024-11-15T08:30:57.289389,163jiasu.com,62.76.76.62,A,['59.111.181.39'],,
2024-11-15T08:30:57.289389,15min.lt,2620:0:ccd::2,AAAA,"['2606:4700:3037::ac43:d748', '2606:4700:3033::6815:180b']",,
2024-11-15T08:30:57.290389,163.com,2a03:90c0:999d::1,AAAA,[],NoAnswer,No answer for domain: 163.com on server: 2a03:90c0:999d::1
2024-11-15T08:30:57.290389,163img.com,210.21.196.6,A,[],Timeout,Timeout occurred for domain: 163img.com on server: 210.21.196.6
2024-11-15T08:30:57.290389,15min.lt,2620:119:35::35,AAAA,"['2606:4700:3033::6815:180b', '2606:4700:3037::ac43:d748']",,
2024-11-15T08:30:57.290389,1688.com,2a02:6b8::feed:0ff,AAAA,[],NoAnswer,No answer for domain: 1688.com on server: 2a02:6b8::feed:0ff
2024-11-15T08:30:57.290389,15min.lt,2400:da00::6666,AAAA,[],Timeout,Timeout occurred for domain: 15min.lt on server: 2400:da00::6666
2024-11-15T08:30:57.290389,15min.lt,101.226.4.6,A,"['172.67.215.72', '104.21.24.11']",,
2024-11-15T08:30:57.290389,15min.lt,2620:119:53::53,AAAA,"['2606:4700:3037::ac43:d748', '2606:4700:3033::6815:180b']",,
2024-11-15T08:30:57.290389,163img.com,202.96.128.86,A,[],Timeout,Timeout occurred for domain: 163img.com on server: 202.96.128.86
2024-11-15T08:30:57.290389,1688.com,2001:6d0:6d0::2001,AAAA,[],NoAnswer,No answer for domain: 1688.com on server: 2001:6d0:6d0::2001
2024-11-15T08:30:57.290389,163.com,208.67.222.220,A,['59.111.160.244'],,
2024-11-15T08:30:57.290389,163jiasu.com,77.88.8.1,A,['59.111.181.39'],,
2024-11-15T08:30:57.290389,1688.com,2a03:90c0:9992::1,AAAA,[],NoAnswer,No answer for domain: 1688.com on server: 2a03:90c0:9992::1
2024-11-15T08:30:57.290389,15min.lt,2620:fe::fe,AAAA,"['2606:4700:3037::ac43:d748', '2606:4700:3033::6815:180b']",,
2024-11-15T08:30:57.290389,163jiasu.com,8.8.8.8,A,['59.111.181.39'],,
2024-11-15T08:30:57.290389,163.com,9.9.9.9,A,[],Timeout,Timeout occurred for domain: 163.com on server: 9.9.9.9
2024-11-15T08:30:57.290389,15min.lt,2620:fe::10,AAAA,"['2606:4700:3033::6815:180b', '2606:4700:3037::ac43:d748']",,
2024-11-15T08:30:57.290389,163.com,208.67.220.220,A,['59.111.160.244'],,
2024-11-15T08:30:57.290389,1688.com,2a02:6b8:0:1::feed:0ff,AAAA,[],NoAnswer,No answer for domain: 1688.com on server: 2a02:6b8:0:1::feed:0ff
2024-11-15T08:30:57.290389,1688.com,2400:da00::6666,AAAA,[],Timeout,Timeout occurred for domain: 1688.com on server: 2400:da00::6666
2024-11-15T08:30:57.290389,15min.lt,123.125.81.6,A,"['172.67.215.72', '104.21.24.11']",,
2024-11-15T08:30:57.290389,1688.com,114.114.115.115,A,['140.205.174.2'],,
2024-11-15T08:30:57.290389,18comic.vip,117.50.11.11,A,['104.31.142.88'],,
2024-11-15T08:30:57.290389,15min.lt,2a03:90c0:9992::1,AAAA,"['2606:4700:3037::ac43:d748', '2606:4700:3033::6815:180b']",,
2024-11-15T08:30:57.290389,1984.is,218.30.118.6,A,['93.95.226.16'],,
2024-11-15T08:30:57.290389,163img.com,1.1.1.1,A,['59.111.129.134'],,
2024-11-15T08:30:57.290389,18comic.vip,123.125.81.6,A,['23.234.30.58'],,
2024-11-15T08:30:57.290389,163img.com,1.0.0.1,A,['59.111.129.134'],,
2024-11-15T08:30:57.290389,1984.is,180.76.76.76,A,['93.95.226.16'],,
2024-11-15T08:30:57.290389,163.com,117.50.11.11,A,['59.111.160.244'],,
2024-11-15T08:30:57.290389,1688.com,114.114.114.114,A,['140.205.174.2'],,
2024-11-15T08:30:57.290389,18comic.vip,211.136.17.107,A,['199.16.156.11'],,
2024-11-15T08:30:57.290389,1688.com,94.140.15.15,A,['140.205.174.2'],,
2024-11-15T08:30:57.290389,1688.com,1.1.1.1,A,['140.205.174.2'],,
2024-11-15T08:30:57.290389,163.com,211.136.17.107,A,['59.111.160.244'],,
2024-11-15T08:30:57.290389,1688.com,223.5.5.5,A,['140.205.174.2'],,
2024-11-15T08:30:57.290389,1984.is,208.67.220.222,A,['93.95.226.16'],,
2024-11-15T08:30:57.290389,163img.com,2.56.220.2,A,['59.111.129.134'],,
2024-11-15T08:30:57.290389,163img.com,95.85.95.85,A,['59.111.129.134'],,
2024-11-15T08:30:57.290389,1984.is,94.140.14.14,A,['93.95.226.16'],,
2024-11-15T08:30:57.290389,1688.com,8.8.8.8,A,['140.205.174.2'],,
2024-11-15T08:30:57.290389,18comic.vip,218.30.118.6,A,['108.160.166.61'],,
2024-11-15T08:30:57.290389,1984.is,123.125.81.6,A,['93.95.226.16'],,
2024-11-15T08:30:57.290389,163.com,180.76.76.76,A,['59.111.160.244'],,
2024-11-15T08:30:57.290389,18comic.vip,180.76.76.76,A,['74.86.151.162'],,
2024-11-15T08:30:57.290389,1984.is,101.226.4.6,A,['93.95.226.16'],,
2024-11-15T08:30:57.290389,1688.com,8.8.4.4,A,['140.205.174.2'],,
2024-11-15T08:30:57.290389,15min.lt,123.125.81.7,A,[],Timeout,Timeout occurred for domain: 15min.lt on server: 123.125.81.7
2024-11-15T08:30:57.290389,15min.lt,101.226.4.7,A,[],Timeout,Timeout occurred for domain: 15min.lt on server: 101.226.4.7
2024-11-15T08:30:57.290389,1984.is,211.136.17.107,A,['93.95.226.16'],,
2024-11-15T08:30:57.290389,163jiasu.com,1.0.0.1,A,['59.111.181.39'],,
2024-11-15T08:30:57.290389,163img.com,101.226.4.7,A,[],Timeout,Timeout occurred for domain: 163img.com on server: 101.226.4.7
2024-11-15T08:30:57.290389,19216811.uno,9.9.9.10,A,"['172.67.68.121', '104.26.4.91', '104.26.5.91']",,
2024-11-15T08:30:57.290389,1984.is,117.50.11.11,A,['93.95.226.16'],,
2024-11-15T08:30:57.290389,163.com,218.30.118.6,A,['59.111.160.244'],,
2024-11-15T08:30:57.290389,1688.com,208.67.220.222,A,['140.205.174.2'],,
2024-11-15T08:30:57.290389,19216811.uno,208.67.222.222,A,"['172.67.68.121', '104.26.4.91', '104.26.5.91']",,
2024-11-15T08:30:57.290389,163img.com,123.125.81.7,A,[],Timeout,Timeout occurred for domain: 163img.com on server: 123.125.81.7
2024-11-15T08:30:57.290389,163img.com,208.67.222.220,A,['59.111.129.134'],,
2024-11-15T08:30:57.290389,1688.com,94.140.14.14,A,['140.205.174.2'],,
2024-11-15T08:30:57.290389,1984.is,208.67.222.220,A,['93.95.226.16'],,
2024-11-15T08:30:57.290389,163img.com,94.140.14.14,A,['59.111.129.134'],,
2024-11-15T08:30:57.290389,166.com,123.125.81.6,A,['59.111.129.134'],,
2024-11-15T08:30:57.290389,1984.is,223.6.6.6,A,['93.95.226.16'],,
2024-11-15T08:30:57.290389,18comic.vip,210.21.196.6,A,[],Timeout,Timeout occurred for domain: 18comic.vip on server: 210.21.196.6
2024-11-15T08:30:57.290389,163img.com,208.67.220.220,A,['59.111.129.134'],,
2024-11-15T08:30:57.290389,166.com,101.226.4.6,A,['59.111.129.134'],,
2024-11-15T08:30:57.290389,163img.com,208.67.220.222,A,['59.111.129.134'],,
2024-11-15T08:30:57.290389,166.com,211.136.17.107,A,['59.111.129.134'],,
2024-11-15T08:30:57.290389,1984.is,119.29.29.29,A,['93.95.226.16'],,
2024-11-15T08:30:57.290389,1984.is,114.114.115.115,A,['93.95.226.16'],,
2024-11-15T08:30:57.290389,19216811.uno,62.76.62.76,A,"['188.114.99.224', '188.114.98.224']",,
2024-11-15T08:30:57.290389,166.com,117.50.11.11,A,['59.111.129.134'],,
2024-11-15T08:30:57.290389,163img.com,9.9.9.10,A,['59.111.129.134'],,
2024-11-15T08:30:57.290389,1984.is,223.5.5.5,A,['93.95.226.16'],,
2024-11-15T08:30:57.290389,163img.com,208.67.222.222,A,['59.111.129.134'],,
2024-11-15T08:30:57.290389,19216811.uno,95.85.95.85,A,"['104.26.5.91', '172.67.68.121', '104.26.4.91']",,
2024-11-15T08:30:57.290389,1688.com,208.67.220.220,A,['140.205.174.2'],,
2024-11-15T08:30:57.290389,19216811.uno,62.76.76.62,A,"['188.114.98.229', '188.114.99.229']",,
2024-11-15T08:30:57.290389,163img.com,195.208.5.1,A,['59.111.129.134'],,
2024-11-15T08:30:57.290389,1688.com,208.67.222.220,A,['140.205.174.2'],,
2024-11-15T08:30:57.290389,163.com,202.96.128.86,A,[],Timeout,Timeout occurred for domain: 163.com on server: 202.96.128.86
2024-11-15T08:30:57.290389,19216811.uno,8.8.8.8,A,"['104.26.5.91', '172.67.68.121', '104.26.4.91']",,
2024-11-15T08:30:57.290389,166.com,123.125.81.7,A,[],Timeout,Timeout occurred for domain: 166.com on server: 123.125.81.7
2024-11-15T08:30:57.290389,1984.is,208.67.220.220,A,['93.95.226.16'],,
2024-11-15T08:30:57.290389,1984.is,114.114.114.114,A,['93.95.226.16'],,
2024-11-15T08:30:57.290389,19216811.uno,1.0.0.1,A,"['172.67.68.121', '104.26.5.91', '104.26.4.91']",,
2024-11-15T08:30:57.290389,1688.com,208.67.222.222,A,['140.205.174.2'],,
2024-11-15T08:30:57.290389,1688.com,9.9.9.10,A,['140.205.174.2'],,
2024-11-15T08:30:57.290389,163img.com,62.76.76.62,A,['59.111.129.134'],,
2024-11-15T08:30:57.290389,19216811.uno,195.208.5.1,A,"['188.114.99.235', '188.114.98.235']",,
2024-11-15T08:30:57.290389,1688.com,195.208.5.1,A,['140.205.174.2'],,
2024-11-15T08:30:57.290389,1984.is,9.9.9.10,A,['93.95.226.16'],,
2024-11-15T08:30:57.290389,163img.com,195.208.4.1,A,['59.111.129.134'],,
2024-11-15T08:30:57.290389,19216811.uno,195.208.4.1,A,"['188.114.98.224', '188.114.99.224']",,
2024-11-15T08:30:57.290389,1984.is,208.67.222.222,A,['93.95.226.16'],,
2024-11-15T08:30:57.290389,163img.com,77.88.8.1,A,['59.111.129.134'],,
2024-11-15T08:30:57.290389,163img.com,62.76.62.76,A,['59.111.129.134'],,
2024-11-15T08:30:57.290389,1688.com,77.88.8.8,A,['140.205.174.2'],,
2024-11-15T08:30:57.290389,163img.com,8.8.4.4,A,['59.111.129.134'],,
2024-11-15T08:30:57.290389,1688.com,77.88.8.1,A,['140.205.174.2'],,
2024-11-15T08:30:57.290389,16clouds.com,9.9.9.10,A,['127.0.0.1'],,
2024-11-15T08:30:57.290389,19216811.uno,77.88.8.8,A,"['188.114.99.229', '188.114.98.229']",,
2024-11-15T08:30:57.290389,18comic.vip,202.96.128.86,A,[],Timeout,Timeout occurred for domain: 18comic.vip on server: 202.96.128.86
2024-11-15T08:30:57.290389,163img.com,77.88.8.8,A,['59.111.129.134'],,
2024-11-15T08:30:57.290389,163.com,210.21.196.6,A,[],Timeout,Timeout occurred for domain: 163.com on server: 210.21.196.6
2024-11-15T08:30:57.290389,19216811.uno,77.88.8.1,A,"['188.114.98.229', '188.114.99.229']",,
2024-11-15T08:30:57.290389,1688.com,2.56.220.2,A,['140.205.174.2'],,
2024-11-15T08:30:57.290389,166.com,101.226.4.7,A,[],Timeout,Timeout occurred for domain: 166.com on server: 101.226.4.7
2024-11-15T08:30:57.290389,19216811.uno,1.1.1.1,A,"['104.26.4.91', '104.26.5.91', '172.67.68.121']",,
2024-11-15T08:30:57.290389,1984.is,94.140.15.15,A,['93.95.226.16'],,
2024-11-15T08:30:57.290389,163img.com,8.8.8.8,A,['59.111.129.134'],,
2024-11-15T08:30:57.290389,1688.com,1.0.0.1,A,['140.205.174.2'],,
2024-11-15T08:30:57.290389,19216811.uno,2.56.220.2,A,"['104.26.5.91', '104.26.4.91', '172.67.68.121']",,
2024-11-15T08:30:57.290389,1984.is,195.208.5.1,A,['93.95.226.16'],,
2024-11-15T08:30:57.290389,163.com,101.226.4.6,A,['59.111.160.244'],,
2024-11-15T08:30:57.290389,1688.com,95.85.95.85,A,['140.205.174.2'],,
2024-11-15T08:30:57.290389,18comic.vip,101.226.4.6,A,['128.242.245.244'],,
2024-11-15T08:30:57.290389,1688.com,195.208.4.1,A,['140.205.174.2'],,
2024-11-15T08:30:57.290389,19216811.uno,8.8.4.4,A,"['104.26.5.91', '104.26.4.91', '172.67.68.121']",,
2024-11-15T08:30:57.290389,1984.is,62.76.62.76,A,['93.95.226.16'],,
2024-11-15T08:30:57.290389,163.com,123.125.81.6,A,['59.111.160.244'],,
2024-11-15T08:30:57.290389,19216811.uno,9.9.9.9,A,[],Timeout,Timeout occurred for domain: 19216811.uno on server: 9.9.9.9
2024-11-15T08:30:57.290389,1984.is,195.208.4.1,A,['93.95.226.16'],,
2024-11-15T08:30:57.290389,163img.com,9.9.9.9,A,[],Timeout,Timeout occurred for domain: 163img.com on server: 9.9.9.9
2024-11-15T08:30:57.290389,1688.com,62.76.76.62,A,['140.205.174.2'],,
2024-11-15T08:30:57.290389,1984.is,77.88.8.1,A,['93.95.226.16'],,
2024-11-15T08:30:57.290389,163.com,119.29.29.29,A,['59.111.160.244'],,
2024-11-15T08:30:57.290389,1688.com,9.9.9.9,A,[],Timeout,Timeout occurred for domain: 1688.com on server: 9.9.9.9
2024-11-15T08:30:57.290389,1688.com,62.76.62.76,A,['140.205.174.2'],,
2024-11-15T08:30:57.290389,1984.is,202.96.128.86,A,[],Timeout,Timeout occurred for domain: 1984.is on server: 202.96.128.86
2024-11-15T08:30:57.290389,1984.is,62.76.76.62,A,['93.95.226.16'],,
2024-11-15T08:30:57.290389,16clouds.com,195.208.5.1,A,['127.0.0.1'],,
2024-11-15T08:30:57.290389,18comic.vip,2606:4700:4700::1111,AAAA,['2001::6ca0:acc8'],,
2024-11-15T08:30:57.290389,1377x.to,208.67.220.220,A,"['104.21.13.219', '172.67.133.75']",,
2024-11-15T08:30:57.290389,1688.com,223.6.6.6,A,['140.205.174.2'],,
2024-11-15T08:30:57.290389,18comic.vip,2606:4700:4700::1001,AAAA,['2001::80f2:f5f4'],,
2024-11-15T08:30:57.290389,1984.is,210.21.196.6,A,[],Timeout,Timeout occurred for domain: 1984.is on server: 210.21.196.6
2024-11-15T08:30:57.290389,189.cn,180.76.76.76,A,['42.99.20.226'],,
2024-11-15T08:30:57.290389,18comic.org,2400:3200::1,AAAA,['2001::d02b:ed8c'],,
2024-11-15T08:30:57.290389,1377x.to,208.67.222.222,A,"['172.67.133.75', '104.21.13.219']",,
2024-11-15T08:30:57.290389,16clouds.com,62.76.62.76,A,['127.0.0.1'],,
2024-11-15T08:30:57.290389,16clouds.com,195.208.4.1,A,['127.0.0.1'],,
2024-11-15T08:30:57.290389,18comic.org,2400:3200:baba::1,AAAA,['2001::80f2:f5d4'],,
2024-11-15T08:30:57.290389,15min.lt,1.0.0.1,A,"['172.67.215.72', '104.21.24.11']",,
2024-11-15T08:30:57.290389,16clouds.com,2.56.220.2,A,['127.0.0.1'],,
2024-11-15T08:30:57.290389,18comic.org,2620:119:35::35,AAAA,['2001::b92d:7a5'],,
2024-11-15T08:30:57.290389,15min.lt,8.8.8.8,A,"['172.67.215.72', '104.21.24.11']",,
2024-11-15T08:30:57.290389,189.cn,211.136.17.107,A,['42.99.20.226'],,
2024-11-15T08:30:57.290389,18comic.org,2620:119:53::53,AAAA,['2001::c73b:95e7'],,
2024-11-15T08:30:57.290389,1984.is,2402:4e00::,AAAA,[],NoAnswer,No answer for domain: 1984.is on server: 2402:4e00::
2024-11-15T08:30:57.290389,15min.lt,1.1.1.1,A,"['172.67.215.72', '104.21.24.11']",,
2024-11-15T08:30:57.290389,16clouds.com,62.76.76.62,A,['127.0.0.1'],,
2024-11-15T08:30:57.290389,18comic.vip,2001:4860:4860::8888,AAAA,['2001::b93c:d832'],,
2024-11-15T08:30:57.290389,1984.is,9.9.9.9,A,[],Timeout,Timeout occurred for domain: 1984.is on server: 9.9.9.9
2024-11-15T08:30:57.290389,163.com,101.226.4.7,A,[],Timeout,Timeout occurred for domain: 163.com on server: 101.226.4.7
2024-11-15T08:30:57.290389,18comic.vip,101.226.4.7,A,[],Timeout,Timeout occurred for domain: 18comic.vip on server: 101.226.4.7
2024-11-15T08:30:57.290389,18comic.vip,2001:4860:4860::8844,AAAA,['2001::c085:4dc5'],,
2024-11-15T08:30:57.290389,1984.is,2400:3200::1,AAAA,[],NoAnswer,No answer for domain: 1984.is on server: 2400:3200::1
2024-11-15T08:30:57.290389,15min.lt,8.8.4.4,A,"['104.21.24.11', '172.67.215.72']",,
2024-11-15T08:30:57.291391,16clouds.com,1.0.0.1,A,['127.0.0.1'],,
2024-11-15T08:30:57.291391,189.cn,218.30.118.6,A,['42.99.20.226'],,
2024-11-15T08:30:57.291391,18comic.org,2620:fe::fe,AAAA,['2001::45ab:e325'],,
2024-11-15T08:30:57.291391,1984.is,2400:3200:baba::1,AAAA,[],NoAnswer,No answer for domain: 1984.is on server: 2400:3200:baba::1
2024-11-15T08:30:57.291391,1377x.to,119.29.29.29,A,"['172.67.133.75', '104.21.13.219']",,
2024-11-15T08:30:57.291391,16clouds.com,95.85.95.85,A,['127.0.0.1'],,
2024-11-15T08:30:57.291391,18comic.org,2.56.220.2,A,['162.125.2.6'],,
2024-11-15T08:30:57.291391,18comic.org,2620:fe::10,AAAA,['2001::6ca0:a9b9'],,
2024-11-15T08:30:57.291391,1984.is,2a10:50c0::ad1:ff,AAAA,[],NoAnswer,No answer for domain: 1984.is on server: 2a10:50c0::ad1:ff
2024-11-15T08:30:57.291391,1377x.to,180.76.76.76,A,"['172.67.133.75', '104.21.13.219']",,
2024-11-15T08:30:57.291391,16clouds.com,1.1.1.1,A,['127.0.0.1'],,
2024-11-15T08:30:57.291391,18comic.org,2a10:50c0::ad1:ff,AAAA,['2001::8079:f34b'],,
2024-11-15T08:30:57.291391,1984.is,2a10:50c0::ad2:ff,AAAA,[],NoAnswer,No answer for domain: 1984.is on server: 2a10:50c0::ad2:ff
2024-11-15T08:30:57.291391,18comic.org,95.85.95.85,A,['202.160.128.203'],,
2024-11-15T08:30:57.291391,18comic.org,2a10:50c0::ad2:ff,AAAA,['2001::d065:152b'],,
2024-11-15T08:30:57.291391,1377x.to,223.6.6.6,A,"['172.67.133.75', '104.21.13.219']",,
2024-11-15T08:30:57.291391,16clouds.com,77.88.8.1,A,['127.0.0.1'],,
2024-11-15T08:30:57.291391,18comic.org,2a0c:a9c7:8::1,AAAA,['2001::67c8:1fac'],,
2024-11-15T08:30:57.291391,1377x.to,101.226.4.6,A,"['172.67.133.75', '104.21.13.219']",,
2024-11-15T08:30:57.291391,18comic.org,1.1.1.1,A,['69.63.186.30'],,
2024-11-15T08:30:57.291391,18comic.org,2a0c:a9c7:9::1,AAAA,['2001::6ca0:aa29'],,
2024-11-15T08:30:57.291391,1377x.to,223.5.5.5,A,"['172.67.133.75', '104.21.13.219']",,
2024-11-15T08:30:57.291391,16clouds.com,77.88.8.8,A,['127.0.0.1'],,
2024-11-15T08:30:57.291391,18comic.org,1.0.0.1,A,['157.240.16.50'],,
2024-11-15T08:30:57.291391,18comic.org,2001:6d0:6d0::2001,AAAA,['2001::4a56:7618'],,
2024-11-15T08:30:57.291391,1377x.to,114.114.115.115,A,"['104.21.13.219', '172.67.133.75']",,
2024-11-15T08:30:57.291391,18comic.org,8.8.8.8,A,['45.77.186.255'],,
2024-11-15T08:30:57.291391,18comic.org,2001:6d0:d6::2001,AAAA,['2001::68f4:2b68'],,
2024-11-15T08:30:57.291391,163.com,123.125.81.7,A,[],Timeout,Timeout occurred for domain: 163.com on server: 123.125.81.7
2024-11-15T08:30:57.291391,16clouds.com,8.8.8.8,A,['127.0.0.1'],,
2024-11-15T08:30:57.291391,18comic.org,8.8.4.4,A,['128.242.245.29'],,
2024-11-15T08:30:57.291391,18comic.vip,2a03:90c0:9992::1,AAAA,['2001::68f4:2e09'],,
2024-11-15T08:30:57.291391,1377x.to,117.50.11.11,A,"['172.67.133.75', '104.21.13.219']",,
2024-11-15T08:30:57.291391,16clouds.com,8.8.4.4,A,['127.0.0.1'],,
2024-11-15T08:30:57.291391,16clouds.com,9.9.9.9,A,[],Timeout,Timeout occurred for domain: 16clouds.com on server: 9.9.9.9
2024-11-15T08:30:57.291391,18comic.vip,2a02:6b8::feed:0ff,AAAA,['2001::80f2:f59d'],,
2024-11-15T08:30:57.291391,1377x.to,123.125.81.6,A,"['104.21.13.219', '172.67.133.75']",,
2024-11-15T08:30:57.291391,18comic.vip,123.125.81.7,A,[],Timeout,Timeout occurred for domain: 18comic.vip on server: 123.125.81.7
2024-11-15T08:30:57.291391,18comic.vip,2a03:90c0:999d::1,AAAA,['2001::caa0:8242'],,
2024-11-15T08:30:57.291391,1377x.to,218.30.118.6,A,"['104.21.13.219', '172.67.133.75']",,
2024-11-15T08:30:57.291391,189.cn,202.96.128.86,A,[],Timeout,Timeout occurred for domain: 189.cn on server: 202.96.128.86
2024-11-15T08:30:57.291391,189.cn,119.29.29.29,A,['42.99.20.226'],,
2024-11-15T08:30:57.291391,1377x.to,211.136.17.107,A,"['104.21.13.219', '172.67.133.75']",,
2024-11-15T08:30:57.291391,1688.com,101.226.4.6,A,['140.205.174.2'],,
2024-11-15T08:30:57.291391,18comic.org,2620:0:ccc::2,AAAA,['2001::a88f:a23a'],,
2024-11-15T08:30:57.291391,189.cn,101.226.4.6,A,['42.99.20.226'],,
2024-11-15T08:30:57.291391,18comic.org,2620:0:ccd::2,AAAA,['2001::9df0:23'],,
2024-11-15T08:30:57.291391,1984.is,2400:da00::6666,AAAA,[],Timeout,Timeout occurred for domain: 1984.is on server: 2400:da00::6666
2024-11-15T08:30:57.291391,1688.com,180.76.76.76,A,['140.205.174.2'],,
2024-11-15T08:30:57.291391,1377x.to,101.226.4.7,A,[],Timeout,Timeout occurred for domain: 1377x.to on server: 101.226.4.7
2024-11-15T08:30:57.291391,18comic.org,2a02:6b8::feed:0ff,AAAA,['2001::6ca0:a9af'],,
2024-11-15T08:30:57.291391,189.cn,210.21.196.6,A,[],Timeout,Timeout occurred for domain: 189.cn on server: 210.21.196.6
2024-11-15T08:30:57.291391,189.cn,117.50.11.11,A,['42.99.20.226'],,
2024-11-15T08:30:57.291391,18comic.org,2a02:6b8:0:1::feed:0ff,AAAA,['2001::1f0d:4609'],,
2024-11-15T08:30:57.291391,1377x.to,9.9.9.10,A,"['172.67.133.75', '104.21.13.219']",,
2024-11-15T08:30:57.291391,1688.com,117.50.11.11,A,['140.205.174.2'],,
2024-11-15T08:30:57.291391,189.cn,123.125.81.6,A,['42.99.20.226'],,
2024-11-15T08:30:57.291391,18comic.org,2402:4e00::,AAAA,['2001::80f2:f5d4'],,
2024-11-15T08:30:57.291391,1377x.to,94.140.15.15,A,"['104.21.13.219', '172.67.133.75']",,
2024-11-15T08:30:57.291391,1688.com,123.125.81.6,A,['140.205.174.2'],,
2024-11-15T08:30:57.291391,189.cn,223.6.6.6,A,['42.99.20.226'],,
2024-11-15T08:30:57.291391,1377x.to,123.125.81.7,A,[],Timeout,Timeout occurred for domain: 1377x.to on server: 123.125.81.7
2024-11-15T08:30:57.291391,1377x.to,114.114.114.114,A,"['172.67.133.75', '104.21.13.219']",,
2024-11-15T08:30:57.291391,1688.com,218.30.118.6,A,['140.205.174.2'],,
2024-11-15T08:30:57.291391,18comic.org,2a03:90c0:999d::1,AAAA,['2001::c73b:94e5'],,
2024-11-15T08:30:57.291391,189.cn,101.226.4.7,A,[],Timeout,Timeout occurred for domain: 189.cn on server: 101.226.4.7
2024-11-15T08:30:57.291391,1688.com,211.136.17.107,A,['140.205.174.2'],,
2024-11-15T08:30:57.291391,189.cn,223.5.5.5,A,['42.99.20.226'],,
2024-11-15T08:30:57.291391,18comic.org,2a03:90c0:9992::1,AAAA,['2001::1f0d:60d0'],,
2024-11-15T08:30:57.291391,1377x.to,94.140.14.14,A,"['104.21.13.219', '172.67.133.75']",,
2024-11-15T08:30:57.291391,1688.com,123.125.81.7,A,[],Timeout,Timeout occurred for domain: 1688.com on server: 123.125.81.7
2024-11-15T08:30:57.291391,18comic.org,2606:4700:4700::1111,AAAA,['2001::9a53:f14'],,
2024-11-15T08:30:57.291391,189.cn,114.114.114.114,A,['42.99.20.226'],,
2024-11-15T08:30:57.291391,18comic.org,2606:4700:4700::1001,AAAA,['2001::80f2:f5fd'],,
2024-11-15T08:30:57.291391,1377x.to,208.67.222.220,A,"['104.21.13.219', '172.67.133.75']",,
2024-11-15T08:30:57.291391,1688.com,119.29.29.29,A,['140.205.174.2'],,
2024-11-15T08:30:57.291391,189.cn,114.114.115.115,A,['42.99.20.226'],,
2024-11-15T08:30:57.291391,18comic.vip,2a02:6b8:0:1::feed:0ff,AAAA,['2001::67fc:720b'],,
2024-11-15T08:30:57.291391,17u.cn,208.67.222.222,A,['202.90.20.133'],,
2024-11-15T08:30:57.291391,1688.com,101.226.4.7,A,[],Timeout,Timeout occurred for domain: 1688.com on server: 101.226.4.7
2024-11-15T08:30:57.291391,17u.cn,9.9.9.10,A,['202.90.20.133'],,
2024-11-15T08:30:57.291391,163img.com,2a03:90c0:9992::1,AAAA,[],NoAnswer,No answer for domain: 163img.com on server: 2a03:90c0:9992::1
2024-11-15T08:30:57.291391,163img.com,2620:119:35::35,AAAA,[],NoAnswer,No answer for domain: 163img.com on server: 2620:119:35::35
2024-11-15T08:30:57.291391,1377x.to,210.21.196.6,A,[],Timeout,Timeout occurred for domain: 1377x.to on server: 210.21.196.6
2024-11-15T08:30:57.291391,163img.com,2001:4860:4860::8888,AAAA,[],NoAnswer,No answer for domain: 163img.com on server: 2001:4860:4860::8888
2024-11-15T08:30:57.291391,17u.cn,77.88.8.1,A,['202.90.20.133'],,
2024-11-15T08:30:57.291391,163.com,2400:3200:baba::1,AAAA,[],NoAnswer,No answer for domain: 163.com on server: 2400:3200:baba::1
2024-11-15T08:30:57.291391,17u.cn,195.208.5.1,A,['202.90.20.133'],,
2024-11-15T08:30:57.291391,163.com,2402:4e00::,AAAA,[],NoAnswer,No answer for domain: 163.com on server: 2402:4e00::
2024-11-15T08:30:57.291391,17u.cn,62.76.62.76,A,['202.90.20.133'],,
2024-11-15T08:30:57.291391,163.com,2a10:50c0::ad2:ff,AAAA,[],NoAnswer,No answer for domain: 163.com on server: 2a10:50c0::ad2:ff
2024-11-15T08:30:57.291391,189.cn,123.125.81.7,A,[],Timeout,Timeout occurred for domain: 189.cn on server: 123.125.81.7
2024-11-15T08:30:57.291391,163.com,2400:3200::1,AAAA,[],NoAnswer,No answer for domain: 163.com on server: 2400:3200::1
2024-11-15T08:30:57.291391,17u.cn,195.208.4.1,A,['202.90.20.133'],,
2024-11-15T08:30:57.291391,163.com,2a0c:a9c7:9::1,AAAA,[],NoAnswer,No answer for domain: 163.com on server: 2a0c:a9c7:9::1
2024-11-15T08:30:57.291391,17u.cn,62.76.76.62,A,['202.90.20.133'],,
2024-11-15T08:30:57.291391,163.com,2620:fe::fe,AAAA,[],NoAnswer,No answer for domain: 163.com on server: 2620:fe::fe
2024-11-15T08:30:57.291391,163.com,2620:0:ccd::2,AAAA,[],NoAnswer,No answer for domain: 163.com on server: 2620:0:ccd::2
2024-11-15T08:30:57.291391,17u.cn,2.56.220.2,A,['202.90.20.133'],,
2024-11-15T08:30:57.291391,163.com,2a10:50c0::ad1:ff,AAAA,[],NoAnswer,No answer for domain: 163.com on server: 2a10:50c0::ad1:ff
2024-11-15T08:30:57.291391,17u.cn,223.5.5.5,A,['202.90.20.133'],,
2024-11-15T08:30:57.291391,163.com,2620:119:53::53,AAAA,[],NoAnswer,No answer for domain: 163.com on server: 2620:119:53::53
2024-11-15T08:30:57.291391,17u.cn,223.6.6.6,A,['202.90.20.133'],,
2024-11-15T08:30:57.291391,17u.cn,77.88.8.8,A,['202.90.20.133'],,
2024-11-15T08:30:57.291391,17u.cn,218.30.118.6,A,['202.90.20.133'],,
2024-11-15T08:30:57.291391,163.com,2620:0:ccc::2,AAAA,[],NoAnswer,No answer for domain: 163.com on server: 2620:0:ccc::2
2024-11-15T08:30:57.291391,17u.cn,208.67.220.222,A,['202.90.20.133'],,
2024-11-15T08:30:57.291391,163.com,2620:119:35::35,AAAA,[],NoAnswer,No answer for domain: 163.com on server: 2620:119:35::35
2024-11-15T08:30:57.291391,163.com,2620:fe::10,AAAA,[],NoAnswer,No answer for domain: 163.com on server: 2620:fe::10
2024-11-15T08:30:57.291391,163.com,2001:6d0:d6::2001,AAAA,[],NoAnswer,No answer for domain: 163.com on server: 2001:6d0:d6::2001
2024-11-15T08:30:57.291391,163.com,2a0c:a9c7:8::1,AAAA,[],NoAnswer,No answer for domain: 163.com on server: 2a0c:a9c7:8::1
2024-11-15T08:30:57.291391,17u.cn,208.67.222.220,A,['202.90.20.133'],,
2024-11-15T08:30:57.291391,163img.com,2620:fe::fe,AAAA,[],NoAnswer,No answer for domain: 163img.com on server: 2620:fe::fe
2024-11-15T08:30:57.291391,163img.com,2620:fe::10,AAAA,[],NoAnswer,No answer for domain: 163img.com on server: 2620:fe::10
2024-11-15T08:30:57.291391,17u.cn,180.76.76.76,A,['202.90.20.133'],,
2024-11-15T08:30:57.291391,163img.com,2a0c:a9c7:8::1,AAAA,[],NoAnswer,No answer for domain: 163img.com on server: 2a0c:a9c7:8::1
2024-11-15T08:30:57.291391,1688.com,202.96.128.86,A,[],Timeout,Timeout occurred for domain: 1688.com on server: 202.96.128.86
2024-11-15T08:30:57.291391,163img.com,2a0c:a9c7:9::1,AAAA,[],NoAnswer,No answer for domain: 163img.com on server: 2a0c:a9c7:9::1
2024-11-15T08:30:57.291391,17u.cn,114.114.115.115,A,['202.90.20.133'],,
2024-11-15T08:30:57.291391,163img.com,2001:4860:4860::8844,AAAA,[],NoAnswer,No answer for domain: 163img.com on server: 2001:4860:4860::8844
2024-11-15T08:30:57.291391,17u.cn,119.29.29.29,A,['202.90.20.133'],,
2024-11-15T08:30:57.291391,163img.com,2001:6d0:d6::2001,AAAA,[],NoAnswer,No answer for domain: 163img.com on server: 2001:6d0:d6::2001
2024-11-15T08:30:57.291391,17u.cn,114.114.114.114,A,['202.90.20.133'],,
2024-11-15T08:30:57.291391,18comic.org,2400:da00::6666,AAAA,[],Timeout,Timeout occurred for domain: 18comic.org on server: 2400:da00::6666
2024-11-15T08:30:57.291391,163img.com,2001:6d0:6d0::2001,AAAA,[],NoAnswer,No answer for domain: 163img.com on server: 2001:6d0:6d0::2001
2024-11-15T08:30:57.291391,17u.cn,208.67.220.220,A,['202.90.20.133'],,
2024-11-15T08:30:57.291391,163img.com,2606:4700:4700::1111,AAAA,[],NoAnswer,No answer for domain: 163img.com on server: 2606:4700:4700::1111
2024-11-15T08:30:57.291391,163img.com,2606:4700:4700::1001,AAAA,[],NoAnswer,No answer for domain: 163img.com on server: 2606:4700:4700::1001
2024-11-15T08:30:57.291391,17u.cn,94.140.14.14,A,['202.90.20.133'],,
2024-11-15T08:30:57.291391,163img.com,2a02:6b8::feed:0ff,AAAA,[],NoAnswer,No answer for domain: 163img.com on server: 2a02:6b8::feed:0ff
2024-11-15T08:30:57.291391,17u.cn,94.140.15.15,A,['202.90.20.133'],,
2024-11-15T08:30:57.291391,163img.com,2a02:6b8:0:1::feed:0ff,AAAA,[],NoAnswer,No answer for domain: 163img.com on server: 2a02:6b8:0:1::feed:0ff
2024-11-15T08:30:57.291391,16personalities.com,218.30.118.6,A,"['172.66.42.214', '172.66.41.42']",,
2024-11-15T08:30:57.291391,16personalities.com,2a02:6b8::feed:0ff,AAAA,"['2a06:98c1:3122:e000::5', '2a06:98c1:3123:e000::5']",,
2024-11-15T08:30:57.291391,17track.net,2a10:50c0::ad2:ff,AAAA,[],NoAnswer,No answer for domain: 17track.net on server: 2a10:50c0::ad2:ff
2024-11-15T08:30:57.291391,1377x.to,202.96.128.86,A,[],Timeout,Timeout occurred for domain: 1377x.to on server: 202.96.128.86
2024-11-15T08:30:57.291391,16personalities.com,2a02:6b8:0:1::feed:0ff,AAAA,"['2a06:98c1:3123:e000::5', '2a06:98c1:3122:e000::5']",,
2024-11-15T08:30:57.291391,17track.net,2400:3200::1,AAAA,[],NoAnswer,No answer for domain: 17track.net on server: 2400:3200::1
2024-11-15T08:30:57.291391,1688.com,210.21.196.6,A,[],Timeout,Timeout occurred for domain: 1688.com on server: 210.21.196.6
2024-11-15T08:30:57.291391,16clouds.com,2620:119:53::53,AAAA,[],NoAnswer,No answer for domain: 16clouds.com on server: 2620:119:53::53
2024-11-15T08:30:57.291391,17u.cn,2a02:6b8::feed:0ff,AAAA,[],NoAnswer,No answer for domain: 17u.cn on server: 2a02:6b8::feed:0ff
2024-11-15T08:30:57.291391,16personalities.com,180.76.76.76,A,"['172.66.42.214', '172.66.41.42']",,
2024-11-15T08:30:57.291391,16personalities.com,2a03:90c0:999d::1,AAAA,"['2606:4700:3108::ac42:2ad6', '2606:4700:3108::ac42:292a']",,
2024-11-15T08:30:57.291391,17u.cn,2001:4860:4860::8844,AAAA,[],NoAnswer,No answer for domain: 17u.cn on server: 2001:4860:4860::8844
2024-11-15T08:30:57.291391,16personalities.com,2a03:90c0:9992::1,AAAA,"['2606:4700:3108::ac42:292a', '2606:4700:3108::ac42:2ad6']",,
2024-11-15T08:30:57.291391,163.com,2400:da00::6666,AAAA,[],Timeout,Timeout occurred for domain: 163.com on server: 2400:da00::6666
2024-11-15T08:30:57.291391,17u.cn,9.9.9.9,A,[],Timeout,Timeout occurred for domain: 17u.cn on server: 9.9.9.9
2024-11-15T08:30:57.291391,16clouds.com,2620:fe::fe,AAAA,[],NoAnswer,No answer for domain: 16clouds.com on server: 2620:fe::fe
2024-11-15T08:30:57.291391,16personalities.com,119.29.29.29,A,"['172.66.42.214', '172.66.41.42']",,
2024-11-15T08:30:57.292388,16clouds.com,2620:119:35::35,AAAA,[],NoAnswer,No answer for domain: 16clouds.com on server: 2620:119:35::35
2024-11-15T08:30:57.292388,17track.net,2400:3200:baba::1,AAAA,[],NoAnswer,No answer for domain: 17track.net on server: 2400:3200:baba::1
2024-11-15T08:30:57.292388,17track.net,2402:4e00::,AAAA,[],NoAnswer,No answer for domain: 17track.net on server: 2402:4e00::
2024-11-15T08:30:57.292388,17u.cn,2001:4860:4860::8888,AAAA,[],NoAnswer,No answer for domain: 17u.cn on server: 2001:4860:4860::8888
2024-11-15T08:30:57.292388,16clouds.com,2620:fe::10,AAAA,[],NoAnswer,No answer for domain: 16clouds.com on server: 2620:fe::10
2024-11-15T08:30:57.292388,17track.net,2620:0:ccd::2,AAAA,[],NoAnswer,No answer for domain: 17track.net on server: 2620:0:ccd::2
2024-11-15T08:30:57.292388,16personalities.com,77.88.8.1,A,"['188.114.99.229', '188.114.98.229']",,
2024-11-15T08:30:57.292388,16personalities.com,2001:4860:4860::8888,AAAA,"['2606:4700:3108::ac42:292a', '2606:4700:3108::ac42:2ad6']",,
2024-11-15T08:30:57.292388,17track.net,2a10:50c0::ad1:ff,AAAA,[],NoAnswer,No answer for domain: 17track.net on server: 2a10:50c0::ad1:ff
2024-11-15T08:30:57.292388,16personalities.com,208.67.222.222,A,"['172.66.42.214', '172.66.41.42']",,
2024-11-15T08:30:57.292388,16personalities.com,2001:4860:4860::8844,AAAA,"['2606:4700:3108::ac42:2ad6', '2606:4700:3108::ac42:292a']",,
2024-11-15T08:30:57.292388,16personalities.com,208.67.220.220,A,"['172.66.41.42', '172.66.42.214']",,
2024-11-15T08:30:57.292388,16personalities.com,2606:4700:4700::1111,AAAA,"['2606:4700:3108::ac42:292a', '2606:4700:3108::ac42:2ad6']",,
2024-11-15T08:30:57.292388,17u.cn,2620:0:ccc::2,AAAA,[],NoAnswer,No answer for domain: 17u.cn on server: 2620:0:ccc::2
2024-11-15T08:30:57.292388,16personalities.com,2606:4700:4700::1001,AAAA,"['2606:4700:3108::ac42:292a', '2606:4700:3108::ac42:2ad6']",,
2024-11-15T08:30:57.292388,17u.cn,2620:0:ccd::2,AAAA,[],NoAnswer,No answer for domain: 17u.cn on server: 2620:0:ccd::2
2024-11-15T08:30:57.292388,16clouds.com,2a10:50c0::ad1:ff,AAAA,[],NoAnswer,No answer for domain: 16clouds.com on server: 2a10:50c0::ad1:ff
2024-11-15T08:30:57.292388,17u.cn,2402:4e00::,AAAA,[],NoAnswer,No answer for domain: 17u.cn on server: 2402:4e00::
2024-11-15T08:30:57.292388,16clouds.com,2a10:50c0::ad2:ff,AAAA,[],NoAnswer,No answer for domain: 16clouds.com on server: 2a10:50c0::ad2:ff
2024-11-15T08:30:57.292388,17u.cn,210.21.196.6,A,[],Timeout,Timeout occurred for domain: 17u.cn on server: 210.21.196.6
2024-11-15T08:30:57.292388,16personalities.com,62.76.76.62,A,"['188.114.98.229', '188.114.99.229']",,
2024-11-15T08:30:57.292388,16clouds.com,2402:4e00::,AAAA,[],NoAnswer,No answer for domain: 16clouds.com on server: 2402:4e00::
2024-11-15T08:30:57.292388,17u.cn,2a03:90c0:9992::1,AAAA,[],NoAnswer,No answer for domain: 17u.cn on server: 2a03:90c0:9992::1
2024-11-15T08:30:57.292388,163img.com,2a03:90c0:999d::1,AAAA,[],NoAnswer,No answer for domain: 163img.com on server: 2a03:90c0:999d::1
2024-11-15T08:30:57.292388,17u.cn,202.96.128.86,A,[],Timeout,Timeout occurred for domain: 17u.cn on server: 202.96.128.86
2024-11-15T08:30:57.292388,16personalities.com,62.76.62.76,A,"['188.114.98.224', '188.114.99.224']",,
2024-11-15T08:30:57.292388,17u.cn,2400:3200::1,AAAA,[],NoAnswer,No answer for domain: 17u.cn on server: 2400:3200::1
2024-11-15T08:30:57.292388,16personalities.com,223.5.5.5,A,"['172.66.41.42', '172.66.42.214']",,
2024-11-15T08:30:57.292388,16clouds.com,2400:3200::1,AAAA,[],NoAnswer,No answer for domain: 16clouds.com on server: 2400:3200::1
2024-11-15T08:30:57.292388,17u.cn,2400:3200:baba::1,AAAA,[],NoAnswer,No answer for domain: 17u.cn on server: 2400:3200:baba::1
2024-11-15T08:30:57.292388,16personalities.com,223.6.6.6,A,"['172.66.42.214', '172.66.41.42']",,
2024-11-15T08:30:57.292388,16clouds.com,2400:3200:baba::1,AAAA,[],NoAnswer,No answer for domain: 16clouds.com on server: 2400:3200:baba::1
2024-11-15T08:30:57.292388,17u.cn,2620:119:35::35,AAAA,[],NoAnswer,No answer for domain: 17u.cn on server: 2620:119:35::35
2024-11-15T08:30:57.292388,16clouds.com,2620:0:ccc::2,AAAA,[],NoAnswer,No answer for domain: 16clouds.com on server: 2620:0:ccc::2
2024-11-15T08:30:57.292388,16personalities.com,114.114.115.115,A,"['172.66.41.42', '172.66.42.214']",,
2024-11-15T08:30:57.292388,17u.cn,2620:119:53::53,AAAA,[],NoAnswer,No answer for domain: 17u.cn on server: 2620:119:53::53
2024-11-15T08:30:57.292388,16clouds.com,2620:0:ccd::2,AAAA,[],NoAnswer,No answer for domain: 16clouds.com on server: 2620:0:ccd::2
2024-11-15T08:30:57.292388,16personalities.com,114.114.114.114,A,"['172.66.41.42', '172.66.42.214']",,
2024-11-15T08:30:57.292388,17u.cn,2606:4700:4700::1111,AAAA,[],NoAnswer,No answer for domain: 17u.cn on server: 2606:4700:4700::1111
2024-11-15T08:30:57.292388,16clouds.com,2001:6d0:6d0::2001,AAAA,[],NoAnswer,No answer for domain: 16clouds.com on server: 2001:6d0:6d0::2001
2024-11-15T08:30:57.292388,17u.cn,2606:4700:4700::1001,AAAA,[],NoAnswer,No answer for domain: 17u.cn on server: 2606:4700:4700::1001
2024-11-15T08:30:57.292388,16clouds.com,2001:6d0:d6::2001,AAAA,[],NoAnswer,No answer for domain: 16clouds.com on server: 2001:6d0:d6::2001
2024-11-15T08:30:57.292388,17u.cn,2001:6d0:d6::2001,AAAA,[],NoAnswer,No answer for domain: 17u.cn on server: 2001:6d0:d6::2001
2024-11-15T08:30:57.292388,16personalities.com,195.208.5.1,A,"['188.114.98.224', '188.114.99.224']",,
2024-11-15T08:30:57.292388,16clouds.com,2a0c:a9c7:8::1,AAAA,[],NoAnswer,No answer for domain: 16clouds.com on server: 2a0c:a9c7:8::1
2024-11-15T08:30:57.292388,17u.cn,2001:6d0:6d0::2001,AAAA,[],NoAnswer,No answer for domain: 17u.cn on server: 2001:6d0:6d0::2001
2024-11-15T08:30:57.292388,16personalities.com,195.208.4.1,A,"['188.114.98.224', '188.114.99.224']",,
2024-11-15T08:30:57.292388,16clouds.com,2a0c:a9c7:9::1,AAAA,[],NoAnswer,No answer for domain: 16clouds.com on server: 2a0c:a9c7:9::1
2024-11-15T08:30:57.292388,17u.cn,2a10:50c0::ad1:ff,AAAA,[],NoAnswer,No answer for domain: 17u.cn on server: 2a10:50c0::ad1:ff
2024-11-15T08:30:57.292388,16personalities.com,94.140.14.14,A,"['172.66.42.214', '172.66.41.42']",,
2024-11-15T08:30:57.292388,17u.cn,2a10:50c0::ad2:ff,AAAA,[],NoAnswer,No answer for domain: 17u.cn on server: 2a10:50c0::ad2:ff
2024-11-15T08:30:57.292388,16clouds.com,2a02:6b8::feed:0ff,AAAA,[],NoAnswer,No answer for domain: 16clouds.com on server: 2a02:6b8::feed:0ff
2024-11-15T08:30:57.292388,16personalities.com,94.140.15.15,A,"['172.66.42.214', '172.66.41.42']",,
2024-11-15T08:30:57.292388,17u.cn,2620:fe::fe,AAAA,[],NoAnswer,No answer for domain: 17u.cn on server: 2620:fe::fe
2024-11-15T08:30:57.292388,16clouds.com,2a02:6b8:0:1::feed:0ff,AAAA,[],NoAnswer,No answer for domain: 16clouds.com on server: 2a02:6b8:0:1::feed:0ff
2024-11-15T08:30:57.292388,16personalities.com,9.9.9.10,A,"['172.66.42.214', '172.66.41.42']",,
2024-11-15T08:30:57.292388,16personalities.com,2a0c:a9c7:8::1,AAAA,"['2a06:98c1:3122:e000::', '2a06:98c1:3123:e000::']",,
2024-11-15T08:30:57.292388,17u.cn,2620:fe::10,AAAA,[],NoAnswer,No answer for domain: 17u.cn on server: 2620:fe::10
2024-11-15T08:30:57.292388,16personalities.com,2a0c:a9c7:9::1,AAAA,"['2a06:98c1:3122:e000::', '2a06:98c1:3123:e000::']",,
2024-11-15T08:30:57.292388,16personalities.com,208.67.222.220,A,"['172.66.42.214', '172.66.41.42']",,
2024-11-15T08:30:57.292388,17u.cn,2a0c:a9c7:8::1,AAAA,[],NoAnswer,No answer for domain: 17u.cn on server: 2a0c:a9c7:8::1
2024-11-15T08:30:57.292388,16personalities.com,2001:6d0:6d0::2001,AAAA,"['2a06:98c1:3123:e000::b', '2a06:98c1:3122:e000::b']",,
2024-11-15T08:30:57.292388,16personalities.com,208.67.220.222,A,"['172.66.42.214', '172.66.41.42']",,
2024-11-15T08:30:57.292388,17u.cn,2a0c:a9c7:9::1,AAAA,[],NoAnswer,No answer for domain: 17u.cn on server: 2a0c:a9c7:9::1
2024-11-15T08:30:57.292388,16personalities.com,2001:6d0:d6::2001,AAAA,"['2a06:98c1:3123:e000::', '2a06:98c1:3122:e000::']",,
2024-11-15T08:30:57.292388,17u.cn,2a02:6b8:0:1::feed:0ff,AAAA,[],NoAnswer,No answer for domain: 17u.cn on server: 2a02:6b8:0:1::feed:0ff
2024-11-15T08:30:57.292388,16personalities.com,202.96.128.86,A,[],Timeout,Timeout occurred for domain: 16personalities.com on server: 202.96.128.86
2024-11-15T08:30:57.292388,16personalities.com,210.21.196.6,A,[],Timeout,Timeout occurred for domain: 16personalities.com on server: 210.21.196.6
2024-11-15T08:30:57.292388,17track.net,2400:da00::6666,AAAA,[],Timeout,Timeout occurred for domain: 17track.net on server: 2400:da00::6666
2024-11-15T08:30:57.292388,17u.cn,2a03:90c0:999d::1,AAAA,[],NoAnswer,No answer for domain: 17u.cn on server: 2a03:90c0:999d::1
2024-11-15T08:30:57.292388,16personalities.com,9.9.9.9,A,[],Timeout,Timeout occurred for domain: 16personalities.com on server: 9.9.9.9
2024-11-15T08:30:57.292388,16clouds.com,2400:da00::6666,AAAA,[],Timeout,Timeout occurred for domain: 16clouds.com on server: 2400:da00::6666
