timestamp,domain,ip,ip_type,port,is_accessible
2024-08-30T04:52:36.270786,www.baidu.com,39.156.66.14,ipv4,80,True
2024-08-30T04:52:36.270786,www.baidu.com,39.156.66.14,ipv4,443,True
2024-08-30T04:52:36.270786,www.baidu.com,39.156.66.18,ipv4,80,True
2024-08-30T04:52:36.270786,www.baidu.com,39.156.66.18,ipv4,443,True
2024-08-30T04:52:36.270786,www.baidu.com,2409:8c00:6c21:1051:0:ff:b0af:279a,ipv6,80,True
2024-08-30T04:52:36.270786,www.baidu.com,2409:8c00:6c21:1051:0:ff:b0af:279a,ipv6,443,True
2024-08-30T04:52:36.270786,www.baidu.com,2409:8c00:6c21:104f:0:ff:b03f:3ae,ipv6,80,True
2024-08-30T04:52:36.270786,www.baidu.com,2409:8c00:6c21:104f:0:ff:b03f:3ae,ipv6,443,True
2024-08-30T04:52:36.270786,www.docker.io,3.224.227.198,ipv4,80,True
2024-08-30T04:52:36.270786,www.docker.io,3.224.227.198,ipv4,443,True
2024-08-30T04:52:36.270786,www.docker.io,44.219.3.189,ipv4,80,True
2024-08-30T04:52:36.270786,www.docker.io,44.219.3.189,ipv4,443,True
2024-08-30T04:52:36.270786,www.docker.io,44.193.181.103,ipv4,80,True
2024-08-30T04:52:36.270786,www.docker.io,44.193.181.103,ipv4,443,True
2024-08-30T04:52:36.270786,www.docker.io,2600:1f18:2148:bc02:4f78:625e:1ac1:714c,ipv6,80,True
2024-08-30T04:52:36.270786,www.docker.io,2600:1f18:2148:bc02:4f78:625e:1ac1:714c,ipv6,443,True
2024-08-30T04:52:36.270786,www.docker.io,2600:1f18:2148:bc00:a518:1574:fea8:ccdb,ipv6,80,True
2024-08-30T04:52:36.270786,www.docker.io,2600:1f18:2148:bc00:a518:1574:fea8:ccdb,ipv6,443,True
2024-08-30T04:52:36.270786,www.docker.io,2600:1f18:2148:bc01:2822:9e2a:c82a:af0,ipv6,80,True
2024-08-30T04:52:36.270786,www.docker.io,2600:1f18:2148:bc01:2822:9e2a:c82a:af0,ipv6,443,True
2024-08-30T04:52:36.270786,www.ucdavis.edu,23.185.0.4,ipv4,80,True
2024-08-30T04:52:36.270786,www.ucdavis.edu,23.185.0.4,ipv4,443,True
2024-08-30T04:52:36.270786,www.ucdavis.edu,2620:12a:8001::4,ipv6,80,True
2024-08-30T04:52:36.270786,www.ucdavis.edu,2620:12a:8001::4,ipv6,443,True
2024-08-30T04:52:36.270786,www.ucdavis.edu,2620:12a:8000::4,ipv6,80,True
2024-08-30T04:52:36.270786,www.ucdavis.edu,2620:12a:8000::4,ipv6,443,True
2024-08-30T04:52:36.270786,ipv6.google.com,243.185.187.39,ipv4,80,False
2024-08-30T04:52:36.270786,ipv6.google.com,243.185.187.39,ipv4,443,False
2024-08-30T04:52:36.270786,ipv6.google.com,2001::1,ipv6,80,False
2024-08-30T04:52:36.270786,ipv6.google.com,2001::1,ipv6,443,False
2024-08-30T04:52:36.270786,www.kame.net,210.155.141.200,ipv4,80,True
2024-08-30T04:52:36.270786,www.kame.net,210.155.141.200,ipv4,443,True
2024-08-30T04:52:36.270786,www.kame.net,2001:2f0:0:8800::1:1,ipv6,80,True
2024-08-30T04:52:36.270786,www.kame.net,2001:2f0:0:8800::1:1,ipv6,443,True
2024-08-30T04:52:36.270786,www.kame.net,2001:2f0:0:8800:226:2dff:fe0b:4311,ipv6,80,True
2024-08-30T04:52:36.270786,www.kame.net,2001:2f0:0:8800:226:2dff:fe0b:4311,ipv6,443,True
2024-08-30T04:52:36.270786,ipv6.he.net,66.220.2.75,ipv4,80,True
2024-08-30T04:52:36.270786,ipv6.he.net,66.220.2.75,ipv4,443,True
2024-08-30T04:52:36.270786,ipv6.he.net,2001:470:0:64::2,ipv6,80,True
2024-08-30T04:52:36.270786,ipv6.he.net,2001:470:0:64::2,ipv6,443,True
2024-08-30T04:52:36.270786,www.sixxs.net,193.109.122.5,ipv4,80,True
2024-08-30T04:52:36.270786,www.sixxs.net,193.109.122.5,ipv4,443,True
2024-08-30T04:52:36.270786,www.sixxs.net,185.173.128.248,ipv4,80,True
2024-08-30T04:52:36.270786,www.sixxs.net,185.173.128.248,ipv4,443,True
2024-08-30T04:52:36.270786,www.sixxs.net,94.142.241.187,ipv4,80,True
2024-08-30T04:52:36.270786,www.sixxs.net,94.142.241.187,ipv4,443,True
2024-08-30T04:52:36.270786,www.sixxs.net,2a02:898:146::2,ipv6,80,True
2024-08-30T04:52:36.270786,www.sixxs.net,2a02:898:146::2,ipv6,443,True
2024-08-30T04:52:36.270786,www.sixxs.net,2a10:fc42:d::248,ipv6,80,True
2024-08-30T04:52:36.270786,www.sixxs.net,2a10:fc42:d::248,ipv6,443,True
2024-08-30T04:52:36.270786,www.sixxs.net,2001:7b8:3:1e::5,ipv6,80,True
2024-08-30T04:52:36.270786,www.sixxs.net,2001:7b8:3:1e::5,ipv6,443,True
2024-08-30T04:52:36.270786,www.isc.org,146.75.114.217,ipv4,80,True
2024-08-30T04:52:36.270786,www.isc.org,146.75.114.217,ipv4,443,True
2024-08-30T04:52:36.270786,www.isc.org,2a04:4e42:8c::729,ipv6,80,True
2024-08-30T04:52:36.270786,www.isc.org,2a04:4e42:8c::729,ipv6,443,True
2024-08-30T04:52:36.270786,ipv6.facebook.com,75.126.124.162,ipv4,80,False
2024-08-30T04:52:36.270786,ipv6.facebook.com,75.126.124.162,ipv4,443,False
2024-08-30T04:52:36.270786,ipv6.facebook.com,2a03:2880:f136:83:face:b00c:0:25de,ipv6,80,False
2024-08-30T04:52:36.270786,ipv6.facebook.com,2a03:2880:f136:83:face:b00c:0:25de,ipv6,443,False
2024-08-30T04:52:36.270786,ipv6.bbc.co.uk,69.63.186.31,ipv4,80,False
2024-08-30T04:52:36.270786,ipv6.bbc.co.uk,69.63.186.31,ipv4,443,False
2024-08-30T04:52:36.270786,ipv6.bbc.co.uk,2a03:2880:f10e:83:face:b00c:0:25de,ipv6,80,False
2024-08-30T04:52:36.270786,ipv6.bbc.co.uk,2a03:2880:f10e:83:face:b00c:0:25de,ipv6,443,False
2024-08-30T04:52:36.270786,www.v6.facebook.com,199.59.149.136,ipv4,80,False
2024-08-30T04:52:36.270786,www.v6.facebook.com,199.59.149.136,ipv4,443,False
2024-08-30T04:52:36.270786,www.v6.facebook.com,2a03:2880:f10a:83:face:b00c:0:25de,ipv6,80,False
2024-08-30T04:52:36.270786,www.v6.facebook.com,2a03:2880:f10a:83:face:b00c:0:25de,ipv6,443,False
2024-08-30T04:52:36.270786,ipv6.youtube.com,31.13.73.9,ipv4,80,False
2024-08-30T04:52:36.270786,ipv6.youtube.com,31.13.73.9,ipv4,443,False
2024-08-30T04:52:36.270786,ipv6.youtube.com,2001::1,ipv6,80,False
2024-08-30T04:52:36.270786,ipv6.youtube.com,2001::1,ipv6,443,False
2024-08-30T04:52:36.270786,ipv6.twitter.com,31.13.87.9,ipv4,80,False
2024-08-30T04:52:36.270786,ipv6.twitter.com,31.13.87.9,ipv4,443,False
2024-08-30T04:52:36.270786,ipv6.twitter.com,2a03:2880:f107:83:face:b00c:0:25de,ipv6,80,False
2024-08-30T04:52:36.270786,ipv6.twitter.com,2a03:2880:f107:83:face:b00c:0:25de,ipv6,443,False
2024-08-30T04:52:36.270786,ipv6.reddit.com,199.59.148.8,ipv4,80,False
2024-08-30T04:52:36.270786,ipv6.reddit.com,199.59.148.8,ipv4,443,False
2024-08-30T04:52:36.270786,ipv6.reddit.com,2a03:2880:f11c:8183:face:b00c:0:25de,ipv6,80,False
2024-08-30T04:52:36.270786,ipv6.reddit.com,2a03:2880:f11c:8183:face:b00c:0:25de,ipv6,443,False
2024-08-30T04:52:36.270786,ipv6.xnxx.com,104.244.43.229,ipv4,80,False
2024-08-30T04:52:36.270786,ipv6.xnxx.com,104.244.43.229,ipv4,443,False
2024-08-30T04:52:36.270786,ipv6.xnxx.com,2001::4b7e:96d2,ipv6,80,False
2024-08-30T04:52:36.270786,ipv6.xnxx.com,2001::4b7e:96d2,ipv6,443,False
2024-08-30T04:52:36.270786,ipv6.baidu.com,39.156.66.14,ipv4,80,True
2024-08-30T04:52:36.270786,ipv6.baidu.com,39.156.66.14,ipv4,443,True
2024-08-30T04:52:36.270786,ipv6.baidu.com,39.156.66.18,ipv4,80,True
2024-08-30T04:52:36.270786,ipv6.baidu.com,39.156.66.18,ipv4,443,True
2024-08-30T04:52:36.270786,ipv6.baidu.com,2409:8c00:6c21:1051:0:ff:b0af:279a,ipv6,80,True
2024-08-30T04:52:36.270786,ipv6.baidu.com,2409:8c00:6c21:1051:0:ff:b0af:279a,ipv6,443,True
2024-08-30T04:52:36.270786,ipv6.baidu.com,2409:8c00:6c21:104f:0:ff:b03f:3ae,ipv6,80,True
2024-08-30T04:52:36.270786,ipv6.baidu.com,2409:8c00:6c21:104f:0:ff:b03f:3ae,ipv6,443,True
2024-08-30T04:52:36.270786,ipv6.cisco.com,72.163.4.185,ipv4,80,True
2024-08-30T04:52:36.270786,ipv6.cisco.com,72.163.4.185,ipv4,443,True
2024-08-30T04:52:36.270786,ipv6.cisco.com,2001:420:1101:1::185,ipv6,80,True
2024-08-30T04:52:36.270786,ipv6.cisco.com,2001:420:1101:1::185,ipv6,443,True
2024-08-30T04:52:36.270786,ipv6.yandex.com,213.180.204.242,ipv4,80,True
2024-08-30T04:52:36.270786,ipv6.yandex.com,213.180.204.242,ipv4,443,True
2024-08-30T04:52:36.270786,ipv6.yandex.com,2a02:6b8::242,ipv6,80,True
2024-08-30T04:52:36.270786,ipv6.yandex.com,2a02:6b8::242,ipv6,443,True
2024-08-30T04:52:36.270786,ipv6.amazon.com,104.89.103.20,ipv4,80,True
2024-08-30T04:52:36.270786,ipv6.amazon.com,104.89.103.20,ipv4,443,True
2024-08-30T04:52:36.270786,ipv6.amazon.com,2600:1417:a000:194::8c4,ipv6,80,True
2024-08-30T04:52:36.270786,ipv6.amazon.com,2600:1417:a000:194::8c4,ipv6,443,True
2024-08-30T04:52:36.270786,ipv6.amazon.com,2600:1417:a000:189::8c4,ipv6,80,True
2024-08-30T04:52:36.270786,ipv6.amazon.com,2600:1417:a000:189::8c4,ipv6,443,True
2024-08-30T04:52:36.270786,www.reddit.com,128.121.243.235,ipv4,80,False
2024-08-30T04:52:36.270786,www.reddit.com,128.121.243.235,ipv4,443,False
2024-08-30T04:52:36.270786,www.reddit.com,2a03:2880:f127:83:face:b00c:0:25de,ipv6,80,False
2024-08-30T04:52:36.270786,www.reddit.com,2a03:2880:f127:83:face:b00c:0:25de,ipv6,443,False
2024-08-30T04:52:36.270786,www.twitter.com,128.121.243.107,ipv4,80,False
2024-08-30T04:52:36.270786,www.twitter.com,128.121.243.107,ipv4,443,False
2024-08-30T04:52:36.270786,www.twitter.com,2a03:2880:f12c:83:face:b00c:0:25de,ipv6,80,False
2024-08-30T04:52:36.270786,www.twitter.com,2a03:2880:f12c:83:face:b00c:0:25de,ipv6,443,False
2024-08-30T04:52:36.270786,www.facebook.com,128.242.240.157,ipv4,80,False
2024-08-30T04:52:36.270786,www.facebook.com,128.242.240.157,ipv4,443,False
2024-08-30T04:52:36.270786,www.facebook.com,2a03:2880:f134:183:face:b00c:0:25de,ipv6,80,False
2024-08-30T04:52:36.270786,www.facebook.com,2a03:2880:f134:183:face:b00c:0:25de,ipv6,443,False
2024-08-30T04:52:36.270786,www.instagram.com,103.252.114.61,ipv4,80,False
2024-08-30T04:52:36.270786,www.instagram.com,103.252.114.61,ipv4,443,False
2024-08-30T04:52:36.270786,www.instagram.com,2a03:2880:f107:83:face:b00c:0:25de,ipv6,80,False
2024-08-30T04:52:36.270786,www.instagram.com,2a03:2880:f107:83:face:b00c:0:25de,ipv6,443,False
2024-08-30T04:52:36.270786,www.google.com,31.13.94.10,ipv4,80,False
2024-08-30T04:52:36.270786,www.google.com,31.13.94.10,ipv4,443,False
2024-08-30T04:52:36.270786,www.google.com,2001::1,ipv6,80,False
2024-08-30T04:52:36.270786,www.google.com,2001::1,ipv6,443,False
2024-08-30T04:52:36.270786,www.youtube.com,199.59.148.20,ipv4,80,False
2024-08-30T04:52:36.270786,www.youtube.com,199.59.148.20,ipv4,443,False
2024-08-30T04:52:36.270786,www.youtube.com,2001::1,ipv6,80,False
2024-08-30T04:52:36.270786,www.youtube.com,2001::1,ipv6,443,False
2024-08-30T04:52:36.270786,www.dropbox.com,168.143.171.154,ipv4,80,False
2024-08-30T04:52:36.270786,www.dropbox.com,168.143.171.154,ipv4,443,False
2024-08-30T04:52:36.270786,www.dropbox.com,2a03:2880:f117:83:face:b00c:0:25de,ipv6,80,False
2024-08-30T04:52:36.270786,www.dropbox.com,2a03:2880:f117:83:face:b00c:0:25de,ipv6,443,False
2024-08-30T04:52:36.270786,www.wikipedia.org,199.59.148.229,ipv4,80,False
2024-08-30T04:52:36.270786,www.wikipedia.org,199.59.148.229,ipv4,443,False
2024-08-30T04:52:36.270786,www.wikipedia.org,2001::1,ipv6,80,False
2024-08-30T04:52:36.270786,www.wikipedia.org,2001::1,ipv6,443,False
2024-08-30T04:52:36.270786,www.whatsapp.com,157.240.211.60,ipv4,80,False
2024-08-30T04:52:36.270786,www.whatsapp.com,157.240.211.60,ipv4,443,False
2024-08-30T04:52:36.270786,www.whatsapp.com,2a03:2880:f25e:1c3:face:b00c:0:167,ipv6,80,True
2024-08-30T04:52:36.270786,www.whatsapp.com,2a03:2880:f25e:1c3:face:b00c:0:167,ipv6,443,True
2024-08-30T04:52:36.270786,www.telegram.org,31.13.83.34,ipv4,80,False
2024-08-30T04:52:36.270786,www.telegram.org,31.13.83.34,ipv4,443,False
2024-08-30T04:52:36.270786,www.telegram.org,2a03:2880:f10d:183:face:b00c:0:25de,ipv6,80,False
2024-08-30T04:52:36.270786,www.telegram.org,2a03:2880:f10d:183:face:b00c:0:25de,ipv6,443,False
2024-08-30T04:52:36.270786,www.medium.com,157.240.16.50,ipv4,80,False
2024-08-30T04:52:36.270786,www.medium.com,157.240.16.50,ipv4,443,False
2024-08-30T04:52:36.270786,www.medium.com,2a03:2880:f10c:83:face:b00c:0:25de,ipv6,80,False
2024-08-30T04:52:36.270786,www.medium.com,2a03:2880:f10c:83:face:b00c:0:25de,ipv6,443,False
2024-08-30T04:52:36.270786,www.blogspot.com,103.252.115.153,ipv4,80,False
2024-08-30T04:52:36.270786,www.blogspot.com,103.252.115.153,ipv4,443,False
2024-08-30T04:52:36.270786,www.blogspot.com,2a03:2880:f134:183:face:b00c:0:25de,ipv6,80,False
2024-08-30T04:52:36.270786,www.blogspot.com,2a03:2880:f134:183:face:b00c:0:25de,ipv6,443,False
2024-08-30T04:52:36.270786,www.vimeo.com,199.16.158.182,ipv4,80,False
2024-08-30T04:52:36.270786,www.vimeo.com,199.16.158.182,ipv4,443,False
2024-08-30T04:52:36.270786,www.vimeo.com,2001::1,ipv6,80,False
2024-08-30T04:52:36.270786,www.vimeo.com,2001::1,ipv6,443,False
2024-08-30T04:52:36.270786,www.tumblr.com,108.160.163.106,ipv4,80,False
2024-08-30T04:52:36.270786,www.tumblr.com,108.160.163.106,ipv4,443,False
2024-08-30T04:52:36.270786,www.tumblr.com,2a03:2880:f11c:8083:face:b00c:0:25de,ipv6,80,False
2024-08-30T04:52:36.270786,www.tumblr.com,2a03:2880:f11c:8083:face:b00c:0:25de,ipv6,443,False
2024-08-30T04:52:36.270786,www.netflix.com,54.170.196.176,ipv4,80,True
2024-08-30T04:52:36.270786,www.netflix.com,54.170.196.176,ipv4,443,True
2024-08-30T04:52:36.270786,www.netflix.com,54.246.79.9,ipv4,80,True
2024-08-30T04:52:36.270786,www.netflix.com,54.246.79.9,ipv4,443,True
2024-08-30T04:52:36.270786,www.netflix.com,52.214.181.141,ipv4,80,True
2024-08-30T04:52:36.270786,www.netflix.com,52.214.181.141,ipv4,443,True
2024-08-30T04:52:36.270786,www.netflix.com,2600:1f14:62a:de82:822d:a423:9e4c:da8d,ipv6,80,True
2024-08-30T04:52:36.270786,www.netflix.com,2600:1f14:62a:de82:822d:a423:9e4c:da8d,ipv6,443,True
2024-08-30T04:52:36.270786,www.netflix.com,2600:1f14:62a:de80:69a8:7b12:8e5f:855d,ipv6,80,True
2024-08-30T04:52:36.270786,www.netflix.com,2600:1f14:62a:de80:69a8:7b12:8e5f:855d,ipv6,443,True
2024-08-30T04:52:36.270786,www.netflix.com,2600:1f14:62a:de81:b848:82ee:2416:447e,ipv6,80,True
2024-08-30T04:52:36.270786,www.netflix.com,2600:1f14:62a:de81:b848:82ee:2416:447e,ipv6,443,True
2024-08-30T04:52:36.270786,www.flickr.com,103.252.114.11,ipv4,80,False
2024-08-30T04:52:36.270786,www.flickr.com,103.252.114.11,ipv4,443,False
2024-08-30T04:52:36.270786,www.flickr.com,2a03:2880:f107:83:face:b00c:0:25de,ipv6,80,False
2024-08-30T04:52:36.270786,www.flickr.com,2a03:2880:f107:83:face:b00c:0:25de,ipv6,443,False
2024-08-30T04:52:36.270786,www.soundcloud.com,157.240.13.8,ipv4,80,False
2024-08-30T04:52:36.270786,www.soundcloud.com,157.240.13.8,ipv4,443,False
2024-08-30T04:52:36.270786,www.soundcloud.com,2a03:2880:f12a:83:face:b00c:0:25de,ipv6,80,False
2024-08-30T04:52:36.270786,www.soundcloud.com,2a03:2880:f12a:83:face:b00c:0:25de,ipv6,443,False
2024-08-30T04:52:36.270786,www.pinterest.com,31.13.85.53,ipv4,80,False
2024-08-30T04:52:36.270786,www.pinterest.com,31.13.85.53,ipv4,443,False
2024-08-30T04:52:36.270786,www.pinterest.com,2a03:2880:f131:83:face:b00c:0:25de,ipv6,80,False
2024-08-30T04:52:36.270786,www.pinterest.com,2a03:2880:f131:83:face:b00c:0:25de,ipv6,443,False
2024-08-30T04:52:36.270786,www.twitch.tv,31.13.76.99,ipv4,80,False
2024-08-30T04:52:36.270786,www.twitch.tv,31.13.76.99,ipv4,443,False
2024-08-30T04:52:36.270786,www.twitch.tv,2a03:2880:f10c:283:face:b00c:0:25de,ipv6,80,False
2024-08-30T04:52:36.270786,www.twitch.tv,2a03:2880:f10c:283:face:b00c:0:25de,ipv6,443,False
2024-08-30T04:52:36.270786,www.periscope.tv,199.59.148.247,ipv4,80,False
2024-08-30T04:52:36.270786,www.periscope.tv,199.59.148.247,ipv4,443,False
2024-08-30T04:52:36.270786,www.periscope.tv,2a03:2880:f117:83:face:b00c:0:25de,ipv6,80,False
2024-08-30T04:52:36.270786,www.periscope.tv,2a03:2880:f117:83:face:b00c:0:25de,ipv6,443,False
2024-08-30T04:52:36.270786,www.disqus.com,128.242.245.157,ipv4,80,False
2024-08-30T04:52:36.270786,www.disqus.com,128.242.245.157,ipv4,443,False
2024-08-30T04:52:36.270786,www.disqus.com,2a03:2880:f136:83:face:b00c:0:25de,ipv6,80,False
2024-08-30T04:52:36.270786,www.disqus.com,2a03:2880:f136:83:face:b00c:0:25de,ipv6,443,False
2024-08-30T04:52:36.270786,www.dailymotion.com,31.13.70.9,ipv4,80,False
2024-08-30T04:52:36.270786,www.dailymotion.com,31.13.70.9,ipv4,443,False
2024-08-30T04:52:36.270786,www.dailymotion.com,2a03:2880:f12d:83:face:b00c:0:25de,ipv6,80,False
2024-08-30T04:52:36.270786,www.dailymotion.com,2a03:2880:f12d:83:face:b00c:0:25de,ipv6,443,False
2024-08-30T04:52:36.270786,www.tiktok.com,199.59.149.206,ipv4,80,False
2024-08-30T04:52:36.270786,www.tiktok.com,199.59.149.206,ipv4,443,False
2024-08-30T04:52:36.270786,www.tiktok.com,2a03:2880:f10d:83:face:b00c:0:25de,ipv6,80,False
2024-08-30T04:52:36.270786,www.tiktok.com,2a03:2880:f10d:83:face:b00c:0:25de,ipv6,443,False
2024-08-30T04:52:36.270786,www.discord.com,162.125.32.5,ipv4,80,False
2024-08-30T04:52:36.270786,www.discord.com,162.125.32.5,ipv4,443,False
2024-08-30T04:52:36.270786,www.discord.com,2a03:2880:f11a:83:face:b00c:0:25de,ipv6,80,False
2024-08-30T04:52:36.270786,www.discord.com,2a03:2880:f11a:83:face:b00c:0:25de,ipv6,443,False
2024-08-30T04:52:36.270786,www.line.me,4.78.139.54,ipv4,80,False
2024-08-30T04:52:36.270786,www.line.me,4.78.139.54,ipv4,443,False
2024-08-30T04:52:36.270786,www.line.me,2001::80f2:f0dd,ipv6,80,False
2024-08-30T04:52:36.270786,www.line.me,2001::80f2:f0dd,ipv6,443,False
2024-08-30T04:52:36.270786,www.weibo.com,111.13.225.75,ipv4,80,True
2024-08-30T04:52:36.270786,www.weibo.com,111.13.225.75,ipv4,443,True
2024-08-30T04:52:36.270786,www.weibo.com,111.13.134.131,ipv4,80,True
2024-08-30T04:52:36.270786,www.weibo.com,111.13.134.131,ipv4,443,True
2024-08-30T04:52:36.270786,www.weibo.com,111.13.225.83,ipv4,80,True
2024-08-30T04:52:36.270786,www.weibo.com,111.13.225.83,ipv4,443,True
2024-08-30T04:52:36.270786,www.weibo.com,111.13.134.130,ipv4,80,True
2024-08-30T04:52:36.270786,www.weibo.com,111.13.134.130,ipv4,443,True
2024-08-30T04:52:36.270786,www.weibo.com,2409:8c00:8421:1303::55,ipv6,80,True
2024-08-30T04:52:36.270786,www.weibo.com,2409:8c00:8421:1303::55,ipv6,443,True
2024-08-30T04:52:36.270786,www.weibo.com,2409:8c00:7821:2303::57,ipv6,80,True
2024-08-30T04:52:36.270786,www.weibo.com,2409:8c00:7821:2303::57,ipv6,443,True
2024-08-30T04:52:36.270786,www.weibo.com,2409:8c00:8421:1303::54,ipv6,80,True
2024-08-30T04:52:36.270786,www.weibo.com,2409:8c00:8421:1303::54,ipv6,443,True
2024-08-30T04:52:36.270786,www.weibo.com,2409:8c00:7821:2303::56,ipv6,80,True
2024-08-30T04:52:36.270786,www.weibo.com,2409:8c00:7821:2303::56,ipv6,443,True
2024-08-30T04:52:36.270786,www.douyin.com,112.18.250.173,ipv4,80,True
2024-08-30T04:52:36.270786,www.douyin.com,112.18.250.173,ipv4,443,True
2024-08-30T04:52:36.270786,www.douyin.com,117.174.181.169,ipv4,80,True
2024-08-30T04:52:36.270786,www.douyin.com,117.174.181.169,ipv4,443,True
2024-08-30T04:52:36.270786,www.douyin.com,112.45.32.206,ipv4,80,True
2024-08-30T04:52:36.270786,www.douyin.com,112.45.32.206,ipv4,443,True
2024-08-30T04:52:36.270786,www.douyin.com,112.45.31.217,ipv4,80,True
2024-08-30T04:52:36.270786,www.douyin.com,112.45.31.217,ipv4,443,True
2024-08-30T04:52:36.270786,www.douyin.com,112.45.32.207,ipv4,80,True
2024-08-30T04:52:36.270786,www.douyin.com,112.45.32.207,ipv4,443,True
2024-08-30T04:52:36.270786,www.douyin.com,223.86.123.219,ipv4,80,True
2024-08-30T04:52:36.270786,www.douyin.com,223.86.123.219,ipv4,443,True
2024-08-30T04:52:36.270786,www.douyin.com,112.45.120.178,ipv4,80,True
2024-08-30T04:52:36.270786,www.douyin.com,112.45.120.178,ipv4,443,True
2024-08-30T04:52:36.270786,www.douyin.com,223.86.123.225,ipv4,80,True
2024-08-30T04:52:36.270786,www.douyin.com,223.86.123.225,ipv4,443,True
2024-08-30T04:52:36.270786,www.douyin.com,112.45.31.220,ipv4,80,True
2024-08-30T04:52:36.270786,www.douyin.com,112.45.31.220,ipv4,443,True
2024-08-30T04:52:36.270786,www.douyin.com,112.18.250.217,ipv4,80,True
2024-08-30T04:52:36.270786,www.douyin.com,112.18.250.217,ipv4,443,True
2024-08-30T04:52:36.270786,www.douyin.com,112.45.120.173,ipv4,80,True
2024-08-30T04:52:36.270786,www.douyin.com,112.45.120.173,ipv4,443,True
2024-08-30T04:52:36.270786,www.douyin.com,117.174.181.172,ipv4,80,True
2024-08-30T04:52:36.270786,www.douyin.com,117.174.181.172,ipv4,443,True
2024-08-30T04:52:36.270786,www.douyin.com,117.175.210.181,ipv4,80,True
2024-08-30T04:52:36.270786,www.douyin.com,117.175.210.181,ipv4,443,True
2024-08-30T04:52:36.270786,www.douyin.com,117.174.181.170,ipv4,80,True
2024-08-30T04:52:36.270786,www.douyin.com,117.174.181.170,ipv4,443,True
2024-08-30T04:52:36.270786,www.douyin.com,112.45.32.212,ipv4,80,True
2024-08-30T04:52:36.270786,www.douyin.com,112.45.32.212,ipv4,443,True
2024-08-30T04:52:36.270786,www.douyin.com,223.86.123.220,ipv4,80,True
2024-08-30T04:52:36.270786,www.douyin.com,223.86.123.220,ipv4,443,True
2024-08-30T04:52:36.270786,www.douyin.com,2409:8c62:e10:57:3::3cf,ipv6,80,True
2024-08-30T04:52:36.270786,www.douyin.com,2409:8c62:e10:57:3::3cf,ipv6,443,True
2024-08-30T04:52:36.270786,www.douyin.com,2409:8c62:e10:3c:3::3f7,ipv6,80,True
2024-08-30T04:52:36.270786,www.douyin.com,2409:8c62:e10:3c:3::3f7,ipv6,443,True
2024-08-30T04:52:36.270786,www.douyin.com,2409:8c62:e10:69:3::7f8,ipv6,80,True
2024-08-30T04:52:36.270786,www.douyin.com,2409:8c62:e10:69:3::7f8,ipv6,443,True
2024-08-30T04:52:36.270786,www.douyin.com,2409:8c62:e10:58:3::3ef,ipv6,80,True
2024-08-30T04:52:36.270786,www.douyin.com,2409:8c62:e10:58:3::3ef,ipv6,443,True
2024-08-30T04:52:36.270786,www.douyin.com,2409:8c62:e10:55:3::3fe,ipv6,80,True
2024-08-30T04:52:36.270786,www.douyin.com,2409:8c62:e10:55:3::3fe,ipv6,443,True
2024-08-30T04:52:36.270786,www.douyin.com,2409:8c62:e10:83:3::3e2,ipv6,80,True
2024-08-30T04:52:36.270786,www.douyin.com,2409:8c62:e10:83:3::3e2,ipv6,443,True
2024-08-30T04:52:36.270786,www.kuaishou.com,103.102.202.144,ipv4,80,True
2024-08-30T04:52:36.270786,www.kuaishou.com,103.102.202.144,ipv4,443,True
2024-08-30T04:52:36.270786,www.kuaishou.com,103.102.202.106,ipv4,80,True
2024-08-30T04:52:36.270786,www.kuaishou.com,103.102.202.106,ipv4,443,True
2024-08-30T04:52:36.270786,www.kuaishou.com,103.107.217.26,ipv4,80,True
2024-08-30T04:52:36.270786,www.kuaishou.com,103.107.217.26,ipv4,443,True
2024-08-30T04:52:36.270786,www.kuaishou.com,103.102.202.125,ipv4,80,True
2024-08-30T04:52:36.270786,www.kuaishou.com,103.102.202.125,ipv4,443,True
2024-08-30T04:52:36.270786,www.kuaishou.com,2402:5ec0:1001:8102::,ipv6,80,True
2024-08-30T04:52:36.270786,www.kuaishou.com,2402:5ec0:1001:8102::,ipv6,443,True
2024-08-30T04:52:36.270786,www.kuaishou.com,2402:5ec0:1001:9101::,ipv6,80,True
2024-08-30T04:52:36.270786,www.kuaishou.com,2402:5ec0:1001:9101::,ipv6,443,True
2024-08-30T04:52:36.270786,www.kuaishou.com,2402:5ec0:1001:f126::,ipv6,80,True
2024-08-30T04:52:36.270786,www.kuaishou.com,2402:5ec0:1001:f126::,ipv6,443,True
2024-08-30T04:52:36.270786,www.kuaishou.com,2402:5ec0:1001:7103::,ipv6,80,True
2024-08-30T04:52:36.270786,www.kuaishou.com,2402:5ec0:1001:7103::,ipv6,443,True
2024-08-30T04:52:36.270786,www.qq.com,112.53.42.114,ipv4,80,True
2024-08-30T04:52:36.270786,www.qq.com,112.53.42.114,ipv4,443,True
2024-08-30T04:52:36.270786,www.qq.com,112.53.42.52,ipv4,80,True
2024-08-30T04:52:36.270786,www.qq.com,112.53.42.52,ipv4,443,True
2024-08-30T04:52:36.270786,www.qq.com,2409:8c54:871:2::34,ipv6,80,True
2024-08-30T04:52:36.270786,www.qq.com,2409:8c54:871:2::34,ipv6,443,True
2024-08-30T04:52:36.270786,www.qq.com,2409:8c54:871:1::73,ipv6,80,True
2024-08-30T04:52:36.270786,www.qq.com,2409:8c54:871:1::73,ipv6,443,True
2024-08-30T04:52:36.270786,www.signal.org,157.240.6.35,ipv4,80,False
2024-08-30T04:52:36.270786,www.signal.org,157.240.6.35,ipv4,443,False
2024-08-30T04:52:36.270786,www.signal.org,2a03:2880:f107:83:face:b00c:0:25de,ipv6,80,False
2024-08-30T04:52:36.270786,www.signal.org,2a03:2880:f107:83:face:b00c:0:25de,ipv6,443,False
2024-08-30T04:52:36.270786,www.clubhouse.com,103.56.16.112,ipv4,80,False
2024-08-30T04:52:36.270786,www.clubhouse.com,103.56.16.112,ipv4,443,False
2024-08-30T04:52:36.270786,www.clubhouse.com,2a03:2880:f11b:83:face:b00c:0:25de,ipv6,80,False
2024-08-30T04:52:36.270786,www.clubhouse.com,2a03:2880:f11b:83:face:b00c:0:25de,ipv6,443,False
2024-08-30T04:52:36.270786,www.viber.com,203.98.7.65,ipv4,80,False
2024-08-30T04:52:36.270786,www.viber.com,203.98.7.65,ipv4,443,False
2024-08-30T04:52:36.270786,www.viber.com,2001::1,ipv6,80,False
2024-08-30T04:52:36.270786,www.viber.com,2001::1,ipv6,443,False
